fecha,fase_enso,lluvia_mm,temp_media,precio_chicago_usd,precio_fob_usd,precio_fas_ars,precio_fas_usd,precio_pizarra_usd,tipo_cambio,rendimiento_estimado_tn_ha,superficie_cosechada_ha,anomalia_logistica_parana,basis_usd,precio_bb_ars,descargas_camiones,descargas_camiones_tn,descargas_vagones,descargas_vagones_tn,embarques_tn,brecha_cambiaria_pct,compras_se,compras_si,compras_totales,compras_sin_precio_pct,compras_sin_precio_tot,delta_compras_se,delta_compras_si,delta_compras_totales,precio_urea_usd,precio_map_usd,ndvi_valor,ndvi_anomalia_pct,rofex_precio_usd,rofex_volumen,rofex_interes_abierto,precio_blue_usd,precio_mep_usd,brecha_blue_pct,brecha_ccl_pct,riesgo_pais_embi,tasa_politica_pct,dxy_index,petroleo_wti_usd,cbot_maiz_usd,cbot_soja_usd,cot_managed_money_net,cot_commercial_net,nivel_parana_m,wasde_stocks_to_use,wasde_arg_export_mt,gtrends_vender_trigo,gtrends_dolar,nino34_anomalia
2019-01-06,Niño,8.809442815249266,18.0,188.51333333333332,232.0,7139.833333333333,191.53577136034343,199.00311526479751,37.27666666666667,3.375375380402056,1598100.0,0,3.0224380270100966,7139.833333333333,1478.516129032258,44355.48387096774,282.658064516129,12719.612903225807,51828.65806451613,0.6753217290842238,17.686166666666665,4.7595833333333335,22.44575,0.0,0.0,0.17769999999999975,0.045399999999999885,0.22309999999999874,315.0,440.0,0.214,-13.47,139.43,14976.0,18028.0,37.528051484132845,36.02692942476753,0.6753217290842238,2.6888281636659106,1180.8544515849621,38.0,102.01762671193177,78.03447507381269,139.84861632040676,342.50221252633196,-19833.25243138857,7067.081572951639,3.2794565788738237,0.3115552549427932,11560.570815904808,55.52636853582856,51.77018872901829,-0.10835862379895854
2019-01-13,Niño,10.277683284457476,18.0,190.37571428571428,233.0,7099.142857142857,192.12707802934537,199.56954533225718,36.95,3.3753753804020556,1598100.0,0,1.7513637436310887,7099.142857142857,1724.9354838709676,51748.06451612904,329.76774193548385,14839.548387096775,60466.76774193549,0.23325828752087677,21.435828571428573,5.801714285714285,27.23754285714286,0.0,0.0,0.29740000000000144,0.12629999999999986,0.42370000000000196,315.0,440.0,0.21842857142857142,-11.707142857142857,140.85857142857142,17464.0,18159.571428571428,37.0365103073969,35.55504989510103,0.23325828752087677,2.237923453271299,1204.7498095257058,38.0,101.9358175718866,73.40955430784399,134.55128508466666,358.48688009190766,-19474.483782528077,8340.978362405647,3.5380466984475896,0.3247778250933884,11865.62631901929,49.124544895603705,46.681491360713615,0.01952881093857497
2019-01-20,Niño,10.277683284457476,18.0,189.42857142857142,232.0,7127.857142857143,191.4241949436192,201.92616372391652,37.23571428571428,3.3753753804020556,1598100.0,0,1.9956235150477701,7127.857142857143,1724.9354838709676,51748.06451612904,329.76774193548385,14839.548387096775,60466.76774193549,0.7764725964645941,21.67622857142857,5.924300000000001,27.600528571428573,0.0,0.0,0.21759999999999913,0.12110000000000021,0.33869999999999756,315.0,440.0,0.2492857142857143,0.622857142857143,150.43285714285713,17025.0,19121.14285714286,37.52297395307048,36.02205499494766,0.7764725964645941,2.792002048393891,1206.956076142224,38.0,102.64571489908612,76.96778168785467,134.2673037504634,353.97909313961696,-19414.343252120412,12641.46014567548,3.182722619787866,0.3217184669602945,11638.958067379732,47.897392173433545,36.179975813924095,-0.11976524117743446
2019-01-27,Niño,10.277683284457476,18.0,191.4114285714286,236.42857142857142,7243.571428571428,192.29996104593172,207.80432750794125,37.67,3.3753753804020556,1598100.0,0,0.888532474503145,7243.571428571428,1724.9354838709676,51748.06451612904,329.76774193548385,14839.548387096775,60466.76774193549,0.5607473580801093,21.88932857142857,6.024185714285714,27.913514285714285,0.0,0.0,0.2112999999999996,0.09139999999999993,0.3027000000000015,315.0,440.0,0.2698571428571429,9.06,155.4742857142857,14748.0,19652.571428571428,37.88198576474103,36.36670633415139,0.5607473580801093,2.571962305241715,1199.6719125825573,38.0,101.66049519532376,73.62617224816476,137.5788112325711,348.42741228519907,-21206.341721072884,10139.025403992946,3.570477564447729,0.32943564559349614,11764.996788570612,50.773238464950104,54.61268752421358,0.09529962214343089
2019-02-03,Niño,7.879552785923753,18.0,190.96571428571428,242.14285714285714,7424.571428571428,194.75275031420034,209.99535824146525,38.137142857142855,3.3753753804020556,1598100.0,0,3.7870360284860687,7424.571428571428,1698.9274193548385,50967.82258064517,351.9815668202765,15839.170506912444,62702.265209677425,0.8864152663287571,22.11155714285714,6.121728571428571,28.23328571428571,0.0,0.0,0.22659999999999947,0.10000000000000009,0.3266000000000009,300.0,435.7142857142857,0.23885714285714285,-3.051428571428571,151.78285714285715,13315.0,15592.57142857143,38.474440629418226,36.9354630042415,0.8864152663287571,2.9041435716553354,1211.5586771866742,38.0,102.40446892673809,72.45881621451223,138.17026674174437,364.62589433854475,-17557.562213951376,12343.285309390954,3.443668161584786,0.31971956301376053,11382.049941307836,55.77114205306463,49.93142391552502,-0.03493300291090447
2019-02-10,Niño,4.682045454545455,18.0,191.28142857142856,249.0,7711.714285714285,193.02111850888383,204.43117354044395,39.957142857142856,3.3753753804020556,1598100.0,0,1.7396899374552635,7711.714285714285,1664.25,49927.5,381.6,17172.0,65682.92850000001,0.5081034608958671,22.68444285714286,6.2249428571428576,28.909385714285715,0.0,0.0,0.1720000000000006,0.10450000000000004,0.27649999999999686,280.0,430.0,0.24257142857142858,1.0485714285714287,166.18,2580.0,9339.285714285714,40.16390732134477,38.557351028490984,0.5081034608958671,2.518265530113786,1209.7158108858278,38.0,101.78183170457409,75.79521888702538,135.57126430233646,349.9344978074291,-26113.003099410704,15118.221025275594,3.3013624054614548,0.3327874729649224,11836.62949301749,50.908972034451175,48.38463872228018,-0.0349794656573293
2019-02-17,Niño,4.682045454545455,18.0,187.93285714285713,246.14285714285714,7777.571428571428,196.03642517408989,191.29117387948912,39.68571428571429,3.3753753804020556,1598100.0,0,8.103568031232767,7777.571428571428,1664.25,49927.5,381.6,17172.0,65682.92850000001,0.4274805684258152,23.470414285714288,6.329942857142858,29.80035714285714,0.0,0.0,0.8158000000000001,0.10520000000000018,0.9210000000000036,280.0,430.0,0.268,11.564285714285715,173.78,4530.0,9574.142857142857,39.85651796714454,38.26225724845875,0.4274805684258152,2.436030179794335,1211.0014615476846,38.0,101.58481567886892,73.7474565292192,134.21156176146448,347.2411537861315,-23703.88985580049,12822.563585540882,3.3549391363458776,0.31991010799677627,11207.51680164467,51.973435329033414,47.43764278117351,-0.06633917926012181
2019-02-24,Niño,4.682045454545455,18.0,179.6,242.14285714285714,7849.571428571428,202.17849203075343,187.14822499549314,38.82857142857143,3.3753753804020556,1598100.0,0,22.578492030753427,7849.571428571428,1664.25,49927.5,381.6,17172.0,65682.92850000001,0.2489398028024364,23.30442857142857,6.413785714285715,29.718214285714286,0.0,0.0,-0.5587000000000001,0.07529999999999948,-0.4834000000000015,280.0,430.0,0.255,6.264285714285714,166.51,3948.0,9092.142857142857,38.92694614302121,37.36986829730036,0.2489398028024364,2.253918598858485,1195.8550040470254,38.0,100.84008085570505,72.69029348020217,129.55379542893914,331.8621662121363,-19486.738783938443,18940.4760511625,3.5819110510777876,0.3181264636404169,11752.73996291841,50.04470578104862,45.76462683231982,-0.026485496167753426
2019-03-03,Niño,10.749941348973607,18.0,168.1057142857143,235.85714285714286,7693.142857142857,200.20044894059382,180.7205053312279,38.42857142857143,3.3753753804020556,1598100.0,0,32.09473465487955,7693.142857142857,1553.7290322580645,46611.87096774193,344.32811059907834,15494.764976958526,63712.58806451614,0.2515517411597509,23.23537142857143,6.509442857142857,29.744814285714288,0.0,0.0,0.12680000000000013,0.10380000000000056,0.23060000000000158,273.57142857142856,422.7142857142857,0.24828571428571428,4.128571428571428,154.75857142857143,5027.0,9368.857142857143,38.52427050760644,36.98329968730218,0.2515517411597509,2.256582775982944,1190.4686689218645,38.0,101.11761516705488,75.9961044618573,121.08449756162786,311.6168363612959,-24421.102825568396,16130.203071998729,3.5461860797423723,0.3273671861980049,11511.634212943833,48.542616426084514,46.65556871417648,0.004878844577672827
2019-03-10,Niño,18.840469208211143,18.0,161.58285714285714,233.71428571428572,7939.142857142857,198.69351832066224,180.00144263714068,39.957142857142856,3.3753753804020556,1598100.0,0,37.11066117780509,7939.142857142857,1406.3677419354838,42191.032258064515,294.6322580645161,13258.451612903225,61085.467483870976,0.6686953026220116,23.32202857142857,6.585814285714286,29.907842857142857,0.0,0.0,0.07059999999999966,0.06539999999999946,0.13599999999999646,265.0,413.0,0.2434285714285714,5.664285714285714,145.83428571428573,4074.0,7756.571428571428,40.22397491296045,38.615015916442026,0.6686953026220116,2.682069208674455,1216.431773055723,38.0,101.65327666503208,76.64598041847752,115.81401351859519,306.3362669028788,-18650.111330616535,8983.60528031334,3.8632658622112177,0.3097683472828792,11505.532848926263,48.3601554607436,47.35972717119215,-0.027806438287850215
2019-03-17,Niño,18.840469208211143,18.0,165.33571428571426,233.71428571428572,7886.285714285715,198.71718171438405,176.99887319976054,39.68571428571429,3.3753753804020556,1598100.0,0,33.38146742866977,7886.285714285715,1406.3677419354838,42191.032258064515,294.6322580645161,13258.451612903225,61085.467483870976,0.2163255457034605,23.41098571428571,6.680785714285714,30.09177142857143,0.0,0.0,0.09630000000000016,0.10680000000000067,0.20310000000000172,265.0,413.0,0.23757142857142857,3.09,137.21857142857144,4568.0,9497.857142857143,39.77219639402766,38.18130853826654,0.2163255457034605,2.2206520566175314,1184.3595834711962,38.0,101.69474992724045,76.87339734097635,117.94338852817607,301.43856325420217,-11040.168793777208,9679.852453368556,3.2937110898852615,0.31727529191696,12007.33045601174,48.6019449580288,49.623225325566814,0.10668257245353632
2019-03-24,Niño,18.840469208211143,18.0,170.2057142857143,228.71428571428572,7801.714285714285,194.5918372317294,170.4236299605231,40.1,3.3753753804020556,1598100.0,0,24.38612294601508,7801.714285714285,1406.3677419354838,42191.032258064515,294.6322580645161,13258.451612903225,61085.467483870976,0.9229111802854383,23.487928571428572,6.797228571428572,30.285157142857145,0.0,0.0,0.06919999999999982,0.12029999999999941,0.1895000000000019,265.0,413.0,0.22357142857142856,-2.89,137.56,2905.0,8889.714285714286,40.47429229358779,38.85532060184427,0.9229111802854383,2.9413694038911506,1196.2809024922356,38.0,102.01822901604689,76.4240473307652,119.42269608909191,314.6160065971058,-29327.643735819005,10658.973459855644,3.497505222173057,0.3114978825997147,12122.253114840674,54.57811509434272,59.729260868510266,0.05333608826095527
2019-03-31,Niño,18.840469208211143,18.0,170.39142857142858,221.28571428571428,7962.857142857143,188.97616072680668,174.86051999488862,42.142857142857146,3.3753753804020556,1598100.0,0,18.584732155378095,7962.857142857143,1406.3677419354838,42191.032258064515,294.6322580645161,13258.451612903225,61085.467483870976,0.3824264153717314,23.564842857142853,6.893314285714287,30.458157142857143,0.0,0.0,0.08000000000000063,0.0864000000000007,0.1664,265.0,413.0,0.22571428571428573,-1.8614285714285717,143.8642857142857,3710.0,6716.0,42.306289421560514,40.614037844698096,0.3824264153717314,2.3900749436791684,1195.569746818993,38.0,101.345702958938,74.13634246195859,121.90932601126728,312.424972653747,-18851.653322487666,12526.974674291874,3.29563161413012,0.31909695447090164,11924.44970954787,50.91030143750702,66.12912167984948,0.054751220360550204
2019-04-07,Niño,3.9263636363636363,18.0,171.15,220.57142857142858,7974.0,188.3111747982282,175.00075936279677,42.34285714285714,3.3753753804020556,1598100.0,0,17.161174798228185,7974.0,983.1733333333334,29495.200000000004,101.96666666666667,4588.5,35327.55333333333,0.8693075281536171,23.668271428571426,6.952928571428572,30.621199999999998,0.0,0.0,0.1127999999999989,0.04889999999999972,0.16169999999999862,268.0,400.0,0.2167142857142857,-5.061428571428571,143.3785714285714,2659.0,7253.428571428572,42.70962245874522,41.00123756039541,0.8693075281536171,2.8866936787166932,1168.6195470198377,38.0,101.9589975665837,70.08989046413801,121.8141493380131,317.7367546938958,-18349.35177561721,15822.418053218265,3.251751090676972,0.3192343010138709,11461.050267638351,45.61185982263986,43.143485193901945,0.07571700461428969
2019-04-14,Niño,3.9263636363636363,18.0,169.82571428571427,221.0,7867.428571428572,188.27737183821796,180.28086025204408,41.785714285714285,3.3753753804020556,1598100.0,0,18.45165755250366,7867.428571428572,983.1733333333334,29495.200000000004,101.96666666666667,4588.5,35327.55333333333,0.38819394250880607,23.88485714285714,7.021185714285715,30.906042857142857,0.0,0.0,0.2581000000000009,0.07600000000000007,0.3340999999999996,268.0,400.0,0.21328571428571427,-3.1585714285714284,145.33571428571426,2285.0,7210.571428571428,41.94579160883526,40.267959944481845,0.38819394250880607,2.3959578213589823,1198.5668977493874,38.0,101.10444317124826,74.0150273487371,122.23588008554734,319.5160456032033,-12661.468472187957,14000.759900195493,3.459353345286146,0.31362845424720526,12018.03938221584,48.11366272478407,50.27327039843324,0.06389067374890135
2019-04-21,Niño,3.9263636363636363,18.0,164.79999999999998,220.14285714285714,7663.428571428572,187.23978151136996,181.02213054419332,40.92857142857143,3.3753753804020556,1598100.0,0,22.439781511369965,7663.428571428572,983.1733333333334,29495.200000000004,101.96666666666667,4588.5,35327.55333333333,1.250191762335852,24.07274285714286,7.095757142857143,31.168499999999998,0.0,0.0,0.1597999999999986,0.0739999999999994,0.23379999999999845,268.0,400.0,0.2377142857142857,8.108571428571429,148.6757142857143,3312.0,9286.714285714286,41.43953849866021,39.7819569587138,1.250191762335852,3.2751955975825706,1179.4235784937302,38.0,100.6025918782366,76.57264553604682,119.3878872176374,307.38580447302854,-16364.856596273095,3769.154778110199,3.4269579796991363,0.3198398502192693,11504.631250191453,51.638958410834256,56.24129940250615,0.09205399918286979
2019-04-28,Niño,3.9263636363636363,18.0,159.91857142857143,219.28571428571428,8158.714285714285,187.4301339404549,182.1386435282,43.528571428571425,3.3753753804020556,1598100.0,0,27.511562511883476,8158.714285714285,983.1733333333334,29495.200000000004,101.96666666666667,4588.5,35327.55333333333,0.5615904288608827,24.211614285714287,7.162614285714285,31.37422857142857,0.0,0.0,0.13050000000000073,0.06400000000000006,0.19450000000000078,268.0,400.0,0.22914285714285715,4.342857142857143,142.28,4713.0,7606.428571428572,43.774114721285336,42.02315013243392,0.5615904288608827,2.5728222374381007,1185.6763781983948,38.0,101.75732219364578,76.15644097143256,115.88362505719101,291.64526786672775,-23226.38313320902,13123.226830907797,3.3719936515192424,0.31599437554131254,11452.027440263942,44.872270492426075,49.588819924555864,0.04704566189940448
2019-05-05,Niño,8.708181818181817,18.0,156.48285714285717,218.42857142857142,8101.428571428572,186.73105047607737,181.1393008811801,43.385714285714286,3.3753753804020556,1598100.0,0,30.248193333220232,8101.428571428572,1146.9389247311829,34408.16774193548,93.06881720430107,4188.096774193548,40735.554408602155,0.0,24.37285714285714,7.213585714285714,31.586442857142856,0.0,0.0,0.1933000000000007,0.05720000000000036,0.2505000000000006,287.2857142857143,392.85714285714283,0.22328571428571428,2.0942857142857143,137.1442857142857,6800.0,12330.857142857143,43.385714285714286,41.65028571428571,0.0,2.000000000000004,1220.946406509351,38.0,101.95294730709388,74.31237265872096,110.89738068163783,288.67213804408453,-21217.814485286694,12552.639219483372,3.2870386440006136,0.30621101155821756,11708.580684566214,58.52496040861412,41.963525780540714,0.047577655684884826
2019-05-12,Neutral,10.62090909090909,18.0,155.82285714285715,216.42857142857142,8139.428571428572,185.10608428355886,181.2806033529845,43.971428571428575,3.3753753804020556,1598100.0,0,29.2832271407017,8139.428571428572,1212.4451612903224,36373.354838709674,89.50967741935484,4027.9354838709673,42898.75483870968,0.14653792327244078,24.57212857142857,7.303385714285715,31.875514285714285,0.0,0.0,0.18190000000000028,0.09140000000000015,0.27330000000000043,295.0,390.0,0.2152857142857143,1.1714285714285713,142.40142857142857,14301.0,25117.285714285714,44.03605085873031,42.2746088243811,0.14653792327244078,2.1494686817378885,1180.7041962227063,38.0,100.80213683299391,75.83922385713029,111.2391364586636,276.2882914430824,-23066.707589329657,11065.363800821888,3.645422879307415,0.3199775471105199,11306.8787762985,44.88420788910755,51.36024330735306,0.09907944183855866
2019-05-19,Neutral,10.62090909090909,18.0,166.99,216.85714285714286,8159.428571428572,185.50146357540822,185.39050220831132,43.98571428571428,3.3753753804020556,1598100.0,0,18.51146357540821,8159.428571428572,1212.4451612903224,36373.354838709674,89.50967741935484,4027.9354838709673,42898.75483870968,0.3646345179305654,24.775242857142853,7.4009285714285715,32.17617142857143,0.0,0.0,0.21159999999999912,0.09999999999999964,0.31160000000000054,295.0,390.0,0.1942857142857143,-8.582857142857142,137.96714285714285,13203.0,24014.0,44.14607117029487,42.380228323483074,0.3646345179305654,2.3719272082891765,1207.6779584360127,38.0,101.07906786832056,78.45941710543367,118.97890256643484,301.9385704119245,-22215.602933748527,9981.36304474957,3.293259896285302,0.32092212249827634,12113.208554660956,50.487452867490084,40.46337312478426,0.0034203745227809742
2019-05-26,Neutral,10.62090909090909,18.0,176.81714285714287,218.85714285714286,8221.857142857143,187.2272907706431,191.22649881291676,43.91428571428571,3.3753753804020556,1598100.0,0,10.410147913500229,8221.857142857143,1212.4451612903224,36373.354838709674,89.50967741935484,4027.9354838709673,42898.75483870968,0.0,16.330557142857142,7.493499999999999,23.824057142857146,0.0,0.0,-11.9072,0.08959999999999953,-11.8176,295.0,390.0,0.20157142857142857,-5.084285714285714,149.00571428571428,12708.0,23667.14285714286,43.91428571428571,42.157714285714285,0.0,1.9999999999999967,1194.6150043240998,38.0,101.68678538079423,77.42105873798089,127.42321513121797,331.62297392956106,-31819.393888933086,9946.238510156461,3.2846893835948876,0.32305837044910113,11381.298675221846,52.5451582697076,57.62218115683668,-0.006204675852143258
2019-06-02,Neutral,10.92060606060606,18.0,184.90142857142857,231.14285714285714,8655.285714285714,198.05467532455046,203.57335032172696,43.699999999999996,3.087915709977316,1557042.857142857,0,13.153246753121891,8655.285714285714,1205.872258064516,36176.16774193548,96.62881720430107,4348.296774193548,41243.82107526882,0.4133918676130007,13.262214285714284,7.5721,20.83431428571428,0.0,0.0,0.4671999999999985,0.0742000000000006,0.5413999999999983,297.85714285714283,387.14285714285717,0.20842857142857144,-5.048571428571428,159.29285714285717,14321.0,24039.85714285714,43.879828526544316,42.124635385482534,0.4133918676130007,2.421659704965259,1182.8654969870568,38.0,101.47797588482321,75.15880977005965,131.77882935123552,343.7030137021233,-28812.479614783766,16706.31121908364,3.4578688767278978,0.3248220152878168,11274.568212978646,55.305213573379206,53.87654387303286,0.08543090982195867
2019-06-09,Neutral,11.669848484848487,18.0,185.89000000000001,244.57142857142858,9214.857142857143,210.03974231905406,201.43084954020313,43.871428571428574,2.3692665339154657,1454400.0,0,24.149742319054063,9214.857142857143,1189.44,35683.200000000004,114.42666666666668,5149.2,37106.486666666664,1.1161706832846645,13.622057142857143,7.670371428571428,21.29242857142857,0.0,0.0,0.3169000000000004,0.10789999999999965,0.4247999999999994,305.0,380.0,0.26371428571428573,1.4485714285714286,172.15714285714287,13387.0,24394.0,44.36104205006807,42.58660036806534,1.1161706832846645,3.1384940969503554,1204.6901008659145,38.0,101.34008445079441,73.82350128311133,135.3761004279991,344.54712651773195,-26157.14856595202,9731.217495734238,3.267689831328535,0.3178697409352856,11732.528401463202,51.19815183101112,40.22416554315843,-0.13877631496670517
2019-06-16,Neutral,11.669848484848487,18.0,194.36714285714285,243.85714285714286,9012.42857142857,209.09586903868993,206.71706568133183,43.1,2.3692665339154657,1454400.0,0,14.728726181547055,9012.42857142857,1189.44,35683.200000000004,114.42666666666668,5149.2,37106.486666666664,1.2192488180837262,13.994385714285714,7.828057142857142,21.822442857142857,0.0,0.0,0.39450000000000074,0.1775999999999998,0.572100000000002,305.0,380.0,0.2527142857142857,-5.012857142857143,168.52428571428572,13808.0,24868.428571428572,43.626701794938946,41.881633723141384,1.2192488180837262,3.243633794445404,1203.456251892616,38.0,101.49168709184208,72.62593191487943,144.90012337517825,357.8103055529042,-26484.202973827054,15942.391623686392,3.51902143275131,0.314743036519813,11879.400464339036,54.40675221318448,53.68802509406136,0.08293471687911504
2019-06-23,Neutral,11.669848484848487,18.0,193.82999999999998,244.0,8819.285714285714,208.91569959410484,208.7509252810625,42.214285714285715,2.3692665339154657,1454400.0,0,15.085699594104833,8819.285714285714,1189.44,35683.200000000004,114.42666666666668,5149.2,37106.486666666664,0.8021304942594323,14.1071,7.8788,21.985899999999997,0.0,0.0,0.0,0.0,0.0,305.0,380.0,0.23214285714285715,-4.637142857142857,175.00857142857143,13564.0,24357.571428571428,42.55359452129109,40.851450740439454,0.8021304942594323,2.818173104144623,1187.8446128875498,38.0,101.22700532042902,76.01684787711612,137.00744754123056,359.7120801121647,-23811.991188552784,17077.673703805718,3.374658520369176,0.3181796362540252,11417.208256074377,55.67709705522435,39.01642476814076,0.13368579140618367
2019-06-30,Neutral,11.669848484848487,18.0,196.7942857142857,244.85714285714286,8694.857142857143,209.29800869324745,211.99525359403788,41.542857142857144,2.3692665339154657,1454400.0,0,12.503722978961738,8694.857142857143,1189.44,35683.200000000004,114.42666666666668,5149.2,37106.486666666664,0.7018619772550998,14.197028571428572,7.928728571428572,22.125757142857143,0.0,0.0,0.12589999999999923,0.0699000000000003,0.19579999999999886,305.0,380.0,0.22771428571428573,-2.0428571428571427,177.81857142857143,14263.0,26015.285714285714,41.83454744853371,40.161165550592365,0.7018619772550998,2.7158992168002043,1215.0494483470418,38.0,100.94729052755874,75.64956879792692,142.00923249468403,355.72908673962513,-22285.151058562675,9159.262272365637,3.5886843166167566,0.31210883642540294,11448.146251597096,50.10446790461053,59.26955265882051,0.09100966276960852
2019-07-07,Neutral,0.5624633431085044,18.0,189.56571428571428,245.0,8580.857142857143,209.43565671935193,204.99673725873046,40.971428571428575,2.3692665339154657,1454400.0,0,19.869942433637622,8580.857142857143,1212.6258064516128,36378.77419354839,65.75483870967741,2958.967741935484,41934.87741935484,0.5779625199965913,14.5235,8.029485714285714,22.552985714285715,0.0,0.0,0.40669999999999984,0.1131000000000003,0.5198000000000014,300.0,370.0,0.2362857142857143,-6.478571428571428,177.25714285714284,14155.0,23588.85714285714,41.20776099489772,39.559450555101805,0.5779625199965913,2.589521770396525,1213.1287272610643,38.0,101.67183780439711,78.01872415097388,137.7445566824084,354.9967307684328,-21792.054282491237,6687.0634256072135,3.757429168205205,0.3205025166262182,11453.592652631154,50.7664572220613,49.70387791621043,-0.022096019258020017
2019-07-14,Neutral,0.5624633431085044,18.0,193.97142857142856,245.0,8517.857142857143,209.28361931911627,204.99622061632775,40.699999999999996,2.3692665339154657,1454400.0,0,15.312190747687712,8517.857142857143,1212.6258064516128,36378.77419354839,65.75483870967741,2958.967741935484,41934.87741935484,0.5814669629284327,14.722271428571428,8.111585714285713,22.83385714285714,0.0,0.0,0.11560000000000148,0.06969999999999982,0.1853000000000007,300.0,370.0,0.26157142857142857,-2.0785714285714287,173.00571428571428,12424.0,24762.285714285714,40.93707067675293,39.29958784968282,0.5814669629284327,2.5930963021869986,1212.8437609253501,38.0,102.29934499067302,77.89615896872031,138.0970502751805,349.7633369676442,-33641.53163302063,15601.706973737993,3.54043441919994,0.32360643377230813,11116.195295016272,47.150039785029094,46.43244097796531,0.02116153080665708
2019-07-21,Neutral,0.5624633431085044,18.0,183.44428571428574,244.14285714285714,8657.857142857143,208.8387987369129,204.99830738455944,41.457142857142856,2.3692665339154657,1454400.0,0,25.394513022627212,8657.857142857143,1212.6258064516128,36378.77419354839,65.75483870967741,2958.967741935484,41934.87741935484,0.817464305990651,15.017942857142856,8.191571428571429,23.209514285714285,0.0,0.0,0.3676999999999988,0.08410000000000015,0.45179999999999865,300.0,370.0,0.25757142857142856,2.767142857142857,179.55857142857144,14297.0,22826.0,41.7956529952882,40.123826875476674,0.817464305990651,2.8338135921104546,1206.646330698155,38.0,101.2756189278011,75.03673256577449,130.81186508928744,338.392596293617,-21997.577551592974,10818.96862890781,3.6346746484015506,0.31802786639883657,11590.74577002593,49.02672380269167,46.435693367961456,-0.0052712142779162184
2019-07-28,Neutral,0.5624633431085044,18.0,182.16285714285712,242.57142857142858,8727.57142857143,207.45146029575173,210.00463058481267,42.07142857142857,2.3692665339154657,1454400.0,0,25.28860315289458,8727.57142857143,1212.6258064516128,36378.77419354839,65.75483870967741,2958.967741935484,41934.87741935484,0.8424235169358847,15.323642857142858,8.288457142857144,23.612099999999998,0.0,0.0,0.28090000000000037,0.10199999999999998,0.3829000000000007,300.0,370.0,0.2434285714285714,4.672857142857143,172.36142857142858,13951.0,23013.14285714286,42.42372684735636,40.72677777346211,0.8424235169358847,2.859271987274604,1169.2531249969445,38.0,101.31235064482412,76.53683152615572,131.56759339517183,343.9181674193896,-21123.69937962768,9936.926934724683,3.668509882308495,0.31680815501413023,11915.094001192667,48.0890419971252,46.09425472143453,-0.02475425216388246
2019-08-04,Neutral,0.755425219941349,18.0,180.36142857142858,243.42857142857142,9038.42857142857,206.7111197186661,205.71137517736088,43.730000000000004,2.3692665339154657,1454400.0,0,26.349691147237532,9038.42857142857,1102.9741935483871,33089.22580645161,63.561290322580646,2860.2580645161293,34969.587096774194,6.137695463872762,15.832971428571428,8.385385714285716,24.21835714285714,0.0,0.0,0.6006999999999993,0.09490000000000028,0.6955999999999989,288.57142857142856,358.57142857142856,0.2237142857142857,-10.42,158.40571428571428,15487.0,28961.428571428572,46.45431085890609,44.59613842454985,6.137695463872762,8.26044937315022,1196.2638083865652,38.0,102.00942084138391,74.8827766650136,131.5162427776807,320.76493872918735,-10675.966186636404,7833.724173615627,3.5659619960873052,0.3188460874227668,10998.427793870072,51.62211032758761,44.17405266293122,0.01382849772926416
2019-08-11,Neutral,0.9001466275659824,18.0,181.81857142857143,244.57142857142858,9325.857142857143,206.6146743312059,208.566201543669,45.135714285714286,2.3692665339154657,1454400.0,0,24.79610290263448,9325.857142857143,1020.7354838709678,30622.064516129034,61.91612903225807,2786.225806451613,29745.619354838713,9.844910811916881,16.02674285714286,8.475428571428571,24.502171428571426,0.0,0.0,0.03100000000000014,0.08810000000000007,0.11909999999999998,280.0,350.0,0.30957142857142855,6.631428571428572,160.60142857142858,25773.0,45911.42857142857,49.58034127767599,47.597127626568955,9.844910811916881,12.041809028155223,1208.7162613312178,38.0,102.00500538456473,78.54695689036835,127.05477455645926,334.41766012428235,-17169.217489640236,14692.7627234676,3.554880124138265,0.3182038446537897,11891.485317620827,48.39904966695104,48.30231566878718,0.022894726172900254
2019-08-18,Neutral,0.9001466275659824,18.0,173.1557142857143,238.14285714285714,11414.0,204.81337165136742,198.42543454867345,55.721428571428575,2.3692665339154657,1454400.0,0,31.657657365653147,11414.0,1020.7354838709678,30622.064516129034,61.91612903225807,2786.225806451613,29745.619354838713,11.038068520752322,16.17102857142857,8.5446,24.71562857142857,0.0,0.0,0.18959999999999955,0.06159999999999973,0.25119999999999987,280.0,350.0,0.33571428571428574,5.0200000000000005,159.28571428571428,25969.0,44208.0,61.883694356548254,59.40834658228632,11.038068520752322,13.258829891167368,1217.7715855445786,38.0,101.9026150649963,76.75919569344538,123.90418495803071,320.66174190789087,-15781.056039980058,6325.299444828194,3.5821937744123526,0.3142681198164032,11667.391712790151,49.666022295898394,43.278718634235375,0.08417728557627621
2019-08-25,Neutral,0.9001466275659824,18.0,172.23285714285717,233.85714285714286,11010.714285714286,200.76621601912194,196.98177426901228,54.84428571428572,2.3692665339154657,1454400.0,0,28.533358876264803,11010.714285714286,1020.7354838709678,30622.064516129034,61.91612903225807,2786.225806451613,29745.619354838713,11.32930224836774,16.412200000000002,8.608342857142857,25.020542857142857,0.0,0.0,0.2618000000000005,0.06460000000000019,0.3263999999999996,280.0,350.0,0.3668571428571429,5.381428571428572,152.9257142857143,24707.0,46260.857142857145,61.058954554502186,58.61659637232209,11.32930224836774,13.555888293335098,1170.977073579486,38.0,101.39573640161173,73.64723236828455,125.40818381208642,325.60033815891995,-24270.788714303384,9215.573908794428,3.6885097163077725,0.31846200464045216,11741.79998198803,55.663751581631516,49.23121753763682,0.023016403090310802
2019-09-01,Neutral,1.3728269794721408,18.0,170.20714285714286,229.85714285714286,11448.57142857143,198.02399137617968,197.13787439184492,57.81714285714286,2.3692665339154657,1454400.0,0,27.8168485190368,11448.57142857143,1012.8761290322581,30386.283870967745,63.91096774193549,2875.993548387097,30332.805161290325,12.068810953934806,16.78607142857143,8.704085714285714,25.490157142857147,0.0,0.0,0.41869999999999985,0.10820000000000012,0.5269000000000026,280.7142857142857,348.57142857142856,0.38899999999999996,3.402857142857143,149.79857142857142,23888.0,46773.142857142855,64.83038498377222,62.23716958442133,12.068810953934806,14.310187173013503,1157.4970233647264,38.0,101.8197762231882,75.52088823494778,120.10224454837446,325.3855637469117,-18521.459995747817,15549.671465680212,3.341440206976126,0.31611262056233924,11764.107927385092,51.96065606024222,52.54756409761474,0.055886730776562824
2019-09-08,Neutral,4.208909090909091,18.0,167.95000000000002,228.0,10909.42857142857,195.7851438567389,200.85516558848408,55.721428571428575,2.3692665339154657,1454400.0,0,27.83514385673889,10909.42857142857,965.72,28971.600000000002,75.88,3414.6,33855.92,29.585895247656598,17.241485714285716,8.800214285714286,26.0417,0.0,0.0,0.4701000000000013,0.09129999999999981,0.5614000000000008,285.0,340.0,0.41971428571428565,3.6128571428571434,150.23000000000002,26224.0,46605.42857142857,72.20744832092194,69.31915038808506,29.585895247656598,32.17761315260973,1221.051457601771,38.0,101.83897136362611,74.28780796390429,118.49494486976256,313.8315258661565,-24364.43638626449,9901.485084043672,3.138389915075499,0.3154110960900662,11727.414368097538,49.11735246210996,47.708147639473395,0.07692307810516216
2019-09-15,Neutral,4.208909090909091,18.0,177.39857142857142,229.0,10994.285714285714,196.70761886631627,204.29056870687867,55.89142857142857,2.3692665339154657,1454400.0,0,19.309047437744834,10994.285714285714,965.72,28971.600000000002,75.88,3414.6,33855.92,30.31528209256158,17.880585714285715,8.880228571428573,26.760814285714282,0.0,0.0,0.7066999999999997,0.07550000000000008,0.7821999999999978,285.0,340.0,0.42828571428571427,-1.302857142857143,142.68714285714285,24934.0,45256.57142857143,72.83533259982848,69.92191929583532,30.31528209256158,32.92158773441282,1211.957613216243,38.0,100.43578444618052,78.5817242547308,126.94843981843694,330.3687266549338,-17211.94996724377,8065.759334592256,3.5382472558177542,0.3154591303563323,11398.886075904784,48.09370188446758,39.64573240174166,-0.04825044295873943
2019-09-22,Neutral,4.208909090909091,18.0,178.64000000000001,228.0,11044.142857142857,195.97689659847694,204.99898823514033,56.354285714285716,2.3692665339154657,1454400.0,0,17.336896598476947,11044.142857142857,965.72,28971.600000000002,75.88,3414.6,33855.92,30.074382244233544,18.321928571428572,8.972442857142857,27.294371428571427,0.0,0.0,0.3352000000000004,0.09889999999999999,0.43409999999999904,285.0,340.0,0.459,-0.8285714285714285,151.22857142857146,23295.0,44378.57142857143,73.3018024665242,70.36973036786321,30.074382244233544,32.67586988911821,1186.6792941891622,38.0,101.2524305076404,75.94834210267904,127.00577398301695,335.7957549723231,-14017.746830335362,14540.344711225278,3.2771897273078987,0.30866953797299584,11398.573228310026,50.38811669870379,49.95488197946111,-0.036490551401165604
2019-09-29,Neutral,4.208909090909091,18.0,177.47714285714284,228.0,11166.57142857143,196.0963326035491,209.71187955224988,56.94428571428572,2.3692665339154657,1454400.0,0,18.619189746406217,11166.57142857143,965.72,28971.600000000002,75.88,3414.6,33855.92,30.652044745165764,18.736128571428573,9.055771428571429,27.7919,0.0,0.0,0.4457999999999993,0.07709999999999993,0.5228999999999999,285.0,340.0,0.4928571428571429,0.2871428571428572,154.00285714285715,24219.0,46874.28571428572,74.39846151182594,71.4225230513529,30.652044745165764,33.265085640069074,1208.3434108763374,38.0,102.27212462251516,75.49560948421038,128.3505389098088,325.7686853592012,-21033.892002812812,9667.1011660388,3.2999679941126154,0.32130175374722353,12191.889856585929,50.75280798209167,63.30313480170447,-0.028134169913128913
2019-10-06,Neutral,13.905788856304984,18.0,180.76857142857142,227.42857142857142,11257.42857142857,195.74787108543165,207.85354216383442,57.51,2.3692665339154657,1454400.0,0,14.979299656860222,11257.42857142857,759.7922580645161,22793.38064516129,88.29806451612903,3973.412903225806,29664.211612903226,29.785285125029763,19.220428571428574,9.124371428571429,28.3448,0.0,0.0,0.4996999999999998,0.06520000000000037,0.5649000000000015,272.14285714285717,314.2857142857143,0.5387142857142857,0.31428571428571433,152.97285714285712,28988.0,49700.0,74.63937269490803,71.6537977871117,29.785285125029763,32.38099082753037,1223.3625531211396,38.0,101.79209151430705,76.11706293594901,130.43643887400003,333.108113550116,-25118.671720050326,14411.937926558283,3.3797206108068036,0.3184662678711936,11417.839440384443,50.50185170054033,56.07852751951707,-0.07500624685002658
2019-10-13,Neutral,15.521935483870967,18.0,184.06,228.0,11335.142857142857,196.20201424366044,210.00148363107797,57.77285714285715,2.3692665339154657,1454400.0,0,12.14201424366045,11335.142857142857,725.4709677419355,21763.677419354837,90.36774193548388,4066.5483870967737,28965.593548387096,30.877879306558608,19.55691428571428,9.224571428571428,28.78148571428571,0.0,0.0,0.27120000000000033,0.11419999999999947,0.38539999999999885,270.0,310.0,0.6788571428571429,1.6214285714285714,159.16857142857143,51716.0,84792.42857142857,75.6115431873393,72.58708145984572,30.877879306558608,33.495436892689774,1191.4157854962334,38.0,102.1165852331916,74.03655654700891,133.53589413764436,350.1066960856578,-23305.06396847457,11753.232618953602,3.0543672658694376,0.3165442540919613,11615.022259414429,47.711318101520376,55.26085846042964,-0.11444697098278138
2019-10-20,Neutral,15.521935483870967,18.0,191.61714285714285,229.42857142857142,11482.0,197.65402804977376,210.00173040318396,58.091,2.3692665339154657,1454400.0,0,6.036885192630881,11482.0,725.4709677419355,21763.677419354837,90.36774193548388,4066.5483870967737,28965.593548387096,30.08600851559538,19.911114285714284,9.303414285714284,29.214528571428566,0.0,0.0,0.3873999999999995,0.06470000000000053,0.4520999999999997,270.0,310.0,0.7027142857142856,0.9242857142857142,160.84285714285716,54033.0,86610.28571428571,75.56788244680281,72.54516714893069,30.08600851559538,32.6877286859073,1209.2328689695144,38.0,101.3285747811233,74.11603712479891,135.40625027723763,346.1548413533736,-18311.619209601977,11524.886050967287,3.3564991765776773,0.32542968995330207,11350.985907534003,55.95366084217212,51.98494058393863,-0.06190850203438878
2019-10-27,Neutral,15.521935483870967,18.0,190.6214285714286,228.85714285714286,11685.0,197.47915825587663,210.00173040318396,59.17285714285714,2.3692665339154657,1454400.0,0,6.8577296844480475,11685.0,725.4709677419355,21763.677419354837,90.36774193548388,4066.5483870967737,28965.593548387096,30.135038898153216,20.42865714285714,9.370114285714285,29.79877142857143,0.0,0.0,0.5696000000000003,0.0674999999999994,0.637100000000002,270.0,310.0,0.713,-1.2771428571428574,163.43285714285713,54253.0,86985.14285714286,77.00780106068211,73.92748901825482,30.135038898153216,32.73773967611628,1170.48826303952,38.0,102.48938413592374,75.77564035389707,137.49995526150158,354.7242789973188,-15041.697331745865,14860.067079019582,3.184579915568084,0.3278748959032332,11768.208938641721,48.18432977306362,49.422641287638456,-0.1047059183926291
2019-11-03,Neutral,14.89549560117302,18.0,188.40142857142857,210.57142857142858,10816.42857142857,181.932488669492,210.00173040318396,59.458571428571425,2.3692665339154657,1454400.0,0,-6.468939901936559,10816.42857142857,594.5548387096774,17836.387096774193,84.29870967741935,3793.4419354838706,24066.067741935483,29.78389262974978,20.9019,9.45347142857143,30.35537142857143,0.0,0.0,0.4347000000000003,0.08970000000000031,0.5243999999999991,259.2857142857143,306.57142857142856,0.742,1.874285714285714,166.89142857142858,53800.0,86937.85714285714,77.16749611757795,74.08079627287485,29.78389262974978,32.379570482344775,1194.8579469352476,38.0,100.90355292846661,76.01570102606651,137.99081850885293,347.1691023221791,-19534.279591905946,9212.071538734708,3.3334902302510936,0.3152921183434863,10971.129252459581,44.05221428502079,45.63591434241058,-0.09304179086740082
2019-11-10,Neutral,14.060242424242423,18.0,188.17857142857142,199.0,10222.714285714286,172.13941787327533,210.00173040318396,59.385714285714286,2.3692665339154657,1454400.0,0,-16.039153555296107,10222.714285714286,420.0,12600.0,76.20666666666666,3429.2999999999997,17533.36666666667,30.163402813038537,21.1666,9.536385714285714,30.702985714285717,0.0,0.0,0.19669999999999987,0.08019999999999994,0.27690000000000126,245.0,302.0,0.6957142857142857,-0.5985714285714286,146.87428571428572,53851.0,86887.85714285714,77.29818852744128,74.20626098634364,30.163402813038537,32.76667086929931,1252.960269249357,38.0,102.22693416638161,73.85936025064574,136.478049323069,347.5045330384572,-11961.708599847703,15436.96838661862,3.220153113515815,0.3258777997897194,11748.25295468222,52.2882701340987,59.637297786706945,0.012742532668260817
2019-11-17,Neutral,14.060242424242423,18.0,186.2242857142857,197.57142857142858,10173.285714285714,170.89713253413757,185.5735238296244,59.528571428571425,2.3692665339154657,1454400.0,0,-15.327153180148144,10173.285714285714,420.0,12600.0,76.20666666666666,3429.2999999999997,17533.36666666667,29.952539601157987,21.574800000000003,9.655442857142857,31.23024285714286,0.0,0.0,0.4927999999999999,0.1346000000000001,0.627399999999998,245.0,302.0,0.6648571428571428,-1.0257142857142856,146.39857142857142,54325.0,86749.57142857143,77.35821957394113,74.26389079098348,29.952539601157987,32.551590393181144,1203.5297847837066,38.0,99.58476487944787,75.30678432855834,133.67240790470473,340.34134877549974,-20302.271489211784,10946.569365123574,3.36288570700167,0.31620922458247547,11654.167992608016,54.122745203385875,50.91740934585927,-0.09892383673132064
2019-11-24,Neutral,14.060242424242423,18.0,188.43285714285713,197.0,10145.714285714286,170.3934622360579,181.28938447846753,59.542857142857144,2.3692665339154657,1454400.0,0,-18.03939490679927,10145.714285714286,420.0,12600.0,76.20666666666666,3429.2999999999997,17533.36666666667,29.934373114035555,22.09917142857143,9.78582857142857,31.884999999999998,0.0,0.0,0.536999999999999,0.12869999999999993,0.6656999999999993,245.0,302.0,0.632,-1.8842857142857146,143.75428571428571,53449.0,84183.28571428571,77.36651127959466,74.27185082841086,29.934373114035555,32.533060576316274,1218.8849460351958,38.0,101.95439378546169,74.6764626217133,135.16109880399867,344.35426894299934,-21876.596807594786,13551.001512396262,3.5869325435110935,0.3222188044447113,11877.932406504251,50.5425174515384,51.945764686095835,0.14638794163044408
2019-12-01,Neutral,13.610199413489736,18.0,197.41000000000003,196.71428571428572,10153.857142857143,170.1664640596874,179.9995263152076,59.67,2.3692665339154657,1454400.0,0,-27.2435359403126,10153.857142857143,561.7612903225806,16852.83870967742,101.01677419354839,4545.754838709678,20657.73548387097,30.641191631054863,23.28024285714286,9.917100000000001,33.19734285714286,0.0,0.0,1.4387000000000008,0.13229999999999964,1.5710000000000015,243.57142857142858,300.57142857142856,0.6211428571428571,-0.22,148.8857142857143,48469.0,77014.57142857143,77.95314985903565,74.83502386467421,30.641191631054863,33.25401546367596,1191.2757821933603,38.0,101.37304078375665,73.70777871514827,145.12123568172305,365.9943225428747,-21555.887563277425,17214.939820582953,3.3727750795702534,0.31561505482477686,11731.689154930555,49.55945848677229,51.07435979686829,0.021956529354957677
2019-12-08,Neutral,10.909941348973609,18.0,196.21714285714285,199.85714285714286,10335.285714285714,173.00245136503892,179.99928178410113,59.74071428571428,2.3692665339154657,1454400.0,0,-23.21469149210395,10335.285714285714,1412.3290322580647,42369.87096774194,249.8774193548387,11244.48387096774,39403.94838709678,30.236319656118297,24.59465714285714,10.082400000000002,34.677057142857144,0.0,0.0,1.2646999999999995,0.1785000000000001,1.4431999999999992,235.0,292.0,0.6192857142857143,-1.0571428571428572,154.47142857142856,16423.0,20247.571428571428,77.8040260604768,74.69186501805773,30.236319656118297,32.84104604924066,1187.1532840966918,38.0,101.25340929332489,75.77215419798786,137.9279913433818,354.6391691924006,-22103.75187114802,12406.476511992152,3.2116527479730856,0.3193776432867653,11009.69851243886,50.73050805736709,56.7435352387434,0.022847230061649987
2019-12-15,Neutral,10.909941348973609,18.0,197.07571428571427,200.42857142857142,10345.857142857143,173.47482823897326,174.99302902628583,59.639,2.3692665339154657,1454400.0,0,-23.600886046741014,10345.857142857143,1412.3290322580647,42369.87096774194,249.8774193548387,11244.48387096774,39403.94838709678,30.314578814708423,25.763571428571428,10.271685714285713,36.03525714285714,0.0,0.0,1.1306000000000012,0.19359999999999988,1.3242000000000012,235.0,292.0,0.5562857142857143,2.5171428571428573,160.0585714285714,16141.0,20216.428571428572,77.71834748341924,74.60961358408247,30.314578814708423,32.920870391002595,1188.9793125828576,38.0,101.08300525057136,75.96053650852032,140.839579727311,366.8080019817044,-27130.775827135923,10510.488305825527,3.235331500640803,0.3153180470804934,11515.826457217263,49.648418959842466,43.210659891638365,0.010206220484928847
2019-12-22,Neutral,10.909941348973609,18.0,200.8442857142857,203.42857142857142,9874.142857142857,165.63185200273182,167.57287835036726,59.615,2.3692665339154657,1454400.0,0,-35.21243371155389,9874.142857142857,1412.3290322580647,42369.87096774194,249.8774193548387,11244.48387096774,39403.94838709678,29.26293195049892,26.267314285714285,10.436142857142856,36.70345714285715,0.0,0.0,0.25299999999999834,0.1528000000000005,0.4057999999999993,235.0,292.0,0.47400000000000003,2.981428571428571,161.27285714285716,14657.0,19652.714285714286,77.06009688228993,73.97769300699834,29.26293195049892,31.848190589508903,1230.25042322263,38.0,101.91817871269436,75.30725699373808,146.19525727802784,371.4764896834045,-15387.2060266028,10140.903313254064,3.254738217278785,0.3167146132431458,11913.688930438399,48.94988735473721,58.60445098422094,0.07989393994200775
2019-12-29,Neutral,10.909941348973609,18.0,200.95428571428573,204.0,9919.857142857143,165.6664459974532,169.50997765599078,59.878571428571426,2.3692665339154657,1454400.0,0,-35.28783971683252,9919.857142857143,1412.3290322580647,42369.87096774194,249.8774193548387,11244.48387096774,39403.94838709678,30.513164089338034,26.45202857142857,10.546157142857144,36.99818571428572,0.0,0.0,0.15740000000000087,0.09289999999999954,0.2503000000000011,235.0,292.0,0.3535714285714286,-6.0,155.40142857142857,14656.0,19166.14285714286,78.14934519246445,75.02337138476587,30.513164089338034,33.1234273711248,1205.1754697558008,38.0,102.02562612923711,75.62664709202662,146.41428100886057,379.2274320179695,-18086.02716371568,12798.469473606307,3.478095813646425,0.3243666025083946,11383.02019775038,40.698412106280706,59.89608673083769,-0.08850782572530666
2020-01-05,Neutral,14.035307917888563,18.0,204.28714285714287,208.0,10112.57142857143,169.29726320822667,174.41976957755887,59.73285714285714,2.3692665339154657,1454400.0,0,-34.98987964891619,10112.57142857143,1635.6193548387096,49068.580645161295,306.94193548387096,13812.387096774193,54448.81935483871,40.58064144697274,26.59257142857143,10.62934285714286,37.221914285714284,0.0,0.0,0.1338000000000008,0.07930000000000015,0.2131000000000025,248.57142857142858,297.7142857142857,0.26971428571428574,-8.867142857142857,154.17285714285714,15300.0,19719.14285714286,83.96571614643197,80.60708750057469,40.58064144697274,43.3922542759122,1198.4197397969615,38.0,101.22557449531719,74.09392998079795,146.19358244659847,376.4399465698774,-15455.859948065063,11233.696727415843,3.5774736752404594,0.32372264416976787,11471.418615303233,42.78921280175084,37.33293142022228,0.026442953223575028
2020-01-12,Neutral,15.285454545454545,18.0,205.16857142857143,211.0,10259.0,172.08632474083518,180.85921329875288,59.61542857142857,2.3692665339154657,1454400.0,0,-33.08224668773623,10259.0,1724.9354838709676,51748.06451612904,329.76774193548385,14839.548387096775,60466.76774193549,46.26738442788411,26.754157142857142,10.736571428571429,37.490728571428576,0.0,0.0,0.17269999999999897,0.11840000000000006,0.29109999999999836,254.0,300.0,0.21842857142857142,-11.707142857142857,156.86142857142858,17464.0,18159.571428571428,87.19792779419937,83.7100106824314,46.26738442788411,49.19273211644178,1240.825775773274,38.0,101.65369045547807,77.32560346889338,147.53455195915697,381.30345465225867,-13040.366222874183,13893.882741616335,3.586562110395507,0.32419930250350254,11306.712187100258,48.29030878115691,48.724599116299295,0.01913822734820498
2020-01-19,Neutral,15.285454545454545,18.0,208.96,228.28571428571428,11167.0,186.76039457703027,190.14226109183235,59.792857142857144,2.3692665339154657,1454400.0,0,-22.199605422969718,11167.0,1724.9354838709676,51748.06451612904,329.76774193548385,14839.548387096775,60466.76774193549,46.01507690981338,26.93357142857143,10.84697142857143,37.780542857142855,0.0,0.0,0.18210000000000015,0.1072000000000004,0.289299999999999,254.0,300.0,0.2492857142857143,0.622857142857143,165.31714285714287,17025.0,19121.14285714286,87.30648962163514,83.81423003676971,46.01507690981338,48.93537844800965,1183.6182643752306,38.0,100.6566396928625,72.89500445706359,150.34483084406133,390.5689225295573,-18500.590870891523,19001.130688160374,3.3437497870620376,0.3177185315779849,11789.90443789188,45.635112599150624,43.32154542427525,-0.019134885003861592
2020-01-26,Neutral,15.285454545454545,18.0,211.58285714285714,235.71428571428572,11386.0,190.13587432610652,197.1404713630953,59.88328571428571,2.3692665339154657,1454400.0,0,-21.446982816750594,11386.0,1724.9354838709676,51748.06451612904,329.76774193548385,14839.548387096775,60466.76774193549,44.516310406846806,27.125528571428568,10.930242857142858,38.055771428571425,0.0,0.0,0.19589999999999996,0.07369999999999988,0.26959999999999873,254.0,300.0,0.2698571428571429,9.06,175.21142857142857,14748.0,19652.571428571428,86.54124565507935,83.07959582887618,44.516310406846806,47.40663661498375,1165.155822003493,38.0,102.4287088721445,72.23923862198303,154.28489320229568,391.110443597607,-16441.842213966684,7852.7370402392435,3.3682354015496894,0.32625406348411135,12356.979590207271,46.32713792832037,49.1785507762218,-0.09813911903276225
2020-02-02,Neutral,14.065517241379311,18.0,206.05285714285714,240.0,11656.285714285714,194.0496587410442,200.0,60.06857142857143,2.3692665339154657,1454400.0,0,-12.003198401812934,11656.285714285714,1691.2002224694104,50736.00667408232,340.8173526140156,15336.780867630701,61309.97693882092,44.81603503466106,27.28185714285714,11.008085714285714,38.28994285714286,0.0,0.0,0.1404999999999994,0.0794999999999999,0.21999999999999886,256.2857142857143,307.7142857142857,0.23885714285714285,-3.051428571428571,171.8557142857143,13315.0,15592.57142857143,86.98891564447992,83.5093590187007,44.81603503466106,47.71235573535428,1213.3678774374252,38.0,101.30549039443466,73.03168554379079,149.4536736568387,380.4281943675978,-19696.688952321154,10844.971248157653,3.3398150426322872,0.3295031730857088,11456.346014020632,55.3709411389814,52.759424158881565,-0.04507214940692572
2020-02-09,Neutral,11.015673981191222,18.0,205.1,240.0,11734.42857142857,194.0628701387481,202.21389395431945,60.46714285714285,2.3692665339154657,1454400.0,0,-11.037129861251913,11734.42857142857,1606.8620689655172,48205.86206896552,368.4413793103448,16579.862068965518,63417.999931034494,44.48101352155355,27.407071428571424,11.108371428571429,38.515442857142865,0.0,0.0,0.11909999999999954,0.10860000000000003,0.22770000000000046,262.0,327.0,0.24257142857142858,1.0485714285714287,182.46285714285713,2580.0,9339.285714285714,87.3645425724548,83.8699608695566,44.48101352155355,47.37063379198462,1205.6465048891573,38.0,101.1496334747352,73.22719932334397,149.32263061218336,383.3150795812209,-24362.487557344266,10090.429964269297,3.259380598921207,0.3161713322942327,11084.718919784924,55.98780768268755,53.01428114028099,0.013573324180669857
2020-02-16,Neutral,11.015673981191222,18.0,200.20428571428573,240.0,11856.0,194.0461582862572,199.8554223423548,61.09885714285714,2.3692665339154657,1454400.0,0,-6.158127428028531,11856.0,1606.8620689655172,48205.86206896552,368.4413793103448,16579.862068965518,63417.999931034494,45.02455033448996,27.525885714285714,11.196185714285715,38.72207142857143,0.0,0.0,0.11870000000000047,0.07949999999999968,0.1982000000000017,262.0,327.0,0.268,11.564285714285715,186.77428571428572,4530.0,9574.142857142857,88.60690115852377,85.06262511218281,45.02455033448996,47.92504134117974,1152.4343133311465,38.0,101.2208710273932,76.8654453556094,148.37568093572207,375.18063669883713,-18481.504368087077,18913.80155389306,3.2423861080554133,0.31129311847096963,11146.934166204503,50.48592830110352,43.32409178367809,0.048096439353023136
2020-02-23,Neutral,11.015673981191222,18.0,203.24857142857144,240.0,11946.142857142857,194.0361921990428,195.00145622801034,61.56657142857143,2.3692665339154657,1454400.0,0,-9.21237922952862,11946.142857142857,1606.8620689655172,48205.86206896552,368.4413793103448,16579.862068965518,63417.999931034494,44.70448319276086,27.622871428571425,11.28747142857143,38.91034285714286,0.0,0.0,0.08830000000000204,0.09600000000000031,0.18430000000000213,262.0,327.0,0.255,6.264285714285714,180.1042857142857,3948.0,9092.142857142857,89.08959083571712,85.52600720228843,44.70448319276086,47.59857285661608,1216.6560083527443,38.0,102.03100585024704,73.65544159231025,145.68125469878788,383.8798966246316,-28184.866851425086,10894.027069054067,3.4447139142370915,0.3215156812364427,11452.38100068395,49.45471724965869,47.02406772633933,0.026894460263963502
2020-03-01,Neutral,12.325466680149662,18.0,196.6457142857143,242.14285714285714,12117.285714285714,195.82607514940315,191.43035561297893,61.87657142857143,2.3692665339154657,1454400.0,0,-0.8196391363111063,12117.285714285714,1578.2200222469412,47346.60066740823,357.8972191323693,16105.37486095662,63084.78101001113,45.5232106056078,27.677814285714287,11.364328571428572,39.042142857142856,0.0,0.0,0.04159999999999897,0.06920000000000015,0.11079999999999757,264.2857142857143,326.7142857142857,0.24828571428571428,4.128571428571428,181.03857142857143,5027.0,9368.857142857143,90.04595882569258,86.44412047266486,45.5232106056078,48.43367481771997,1180.6230494114586,38.0,102.0472347903532,72.73675538695764,146.3711174089853,363.6083214913444,-26954.4564740521,16264.020134920313,3.5495012069052883,0.330403394018513,11757.1481989538,53.06813801567477,45.380412838678595,0.013404154852628589
2020-03-08,Neutral,20.184222873900296,18.0,192.35714285714286,245.0,12328.857142857143,198.21949387244186,198.1419734488273,62.198,2.3692665339154657,1454400.0,0,5.862351015298998,12328.857142857143,1406.3677419354838,42191.032258064515,294.6322580645161,13258.451612903225,61085.467483870976,46.2412816068297,27.754771428571427,11.4731,39.227871428571426,0.0,0.0,0.09109999999999907,0.1245999999999996,0.21569999999999823,278.0,325.0,0.2434285714285714,5.664285714285714,174.29142857142855,4074.0,7756.571428571428,90.95978305522127,87.32139173301242,46.2412816068297,49.1661072389663,1205.98619501461,38.0,101.56723212713703,74.42090319749614,138.7296073322328,357.22497815169334,-15973.215461793137,12102.091143871392,3.2111128430691203,0.32397618033465037,11391.305175228144,47.81503319451292,46.60474207842573,0.0011749435941943577
2020-03-15,Neutral,20.184222873900296,18.0,189.95428571428573,245.0,12400.285714285714,198.22108625225619,204.00166047467812,62.55785714285714,2.3692665339154657,1454400.0,0,8.266800537970473,12400.285714285714,1406.3677419354838,42191.032258064515,294.6322580645161,13258.451612903225,61085.467483870976,45.34527005946368,27.848657142857142,11.568414285714287,39.417071428571425,0.0,0.0,0.09500000000000064,0.08360000000000056,0.17859999999999943,278.0,325.0,0.23757142857142857,3.09,169.23857142857145,4568.0,9497.857142857143,90.92447054558652,87.28749172376305,45.34527005946368,48.25217546065294,1176.159606908974,38.0,102.51382284294904,78.04636095815478,136.71909791816503,351.84057415825197,-13409.718996255779,2184.1874599587513,3.456785337222366,0.3255309078017431,11540.59229963283,54.89232166785668,48.346580377548094,-0.11803135261713357
2020-03-22,Neutral,20.184222873900296,18.0,192.01999999999998,240.14285714285714,12288.714285714286,194.16535812483926,201.1446981382706,63.28671428571429,2.3692665339154657,1454400.0,0,2.1453581248392646,12288.714285714286,1406.3677419354838,42191.032258064515,294.6322580645161,13258.451612903225,61085.467483870976,44.731305350268634,27.901871428571432,11.687514285714286,39.58938571428571,0.0,0.0,0.0365000000000002,0.1332999999999993,0.16980000000000217,278.0,325.0,0.22357142857142856,-2.89,163.40714285714284,2905.0,8889.714285714286,91.59858544968664,87.93464203169916,44.731305350268634,47.62593145727401,1207.639854426178,38.0,102.68053021738717,75.05693206363317,135.93502472572536,356.2071378957311,-21709.29780957405,13901.85986041624,3.4691045414078694,0.31852158240735756,11672.972936464983,47.91674965194632,50.72657993186973,-0.10467798813329389
2020-03-29,Neutral,20.184222873900296,18.0,206.88285714285715,244.14285714285714,12631.0,197.51296487864764,200.0,63.94942857142858,2.3692665339154657,1454400.0,0,-9.369892264209492,12631.0,1406.3677419354838,42191.032258064515,294.6322580645161,13258.451612903225,61085.467483870976,44.98463633938036,27.93387142857143,11.753957142857143,39.68782857142857,0.0,0.0,0.03020000000000067,0.03970000000000029,0.06990000000000052,278.0,325.0,0.22571428571428573,-1.8614285714285717,166.44428571428574,3710.0,6716.0,92.71671133338516,89.00804288004974,44.98463633938036,47.88432906616797,1238.6579488477544,38.0,100.91717818269085,76.1643613039238,148.62717743153385,376.90895045840455,-16670.268023969722,12946.694056881222,3.237438322678812,0.3172253807257185,11540.22343864354,53.3131645704883,56.32310839222743,-0.011770163331599423
2020-04-05,Neutral,21.815254154447704,18.0,203.6042857142857,246.71428571428572,12879.57142857143,199.67636871218411,198.57256002767113,64.50242857142857,2.3692665339154657,1454400.0,0,-3.9279170021015943,12879.57142857143,1104.0860215053765,33122.58064516129,157.01397849462364,7065.629032258064,42686.957376344086,45.626962927383275,27.976,11.814585714285714,39.79058571428572,0.0,0.0,0.046899999999999054,0.06899999999999995,0.11589999999999989,245.85714285714286,307.85714285714283,0.2167142857142857,-5.061428571428571,181.53285714285715,2659.0,7253.428571428572,93.93290759245937,90.175591288761,45.626962927383275,48.539502185930935,1207.723332780506,38.0,101.82005974859499,74.39784777592719,147.98231196505307,382.4321886584771,-23512.2127837114,9192.614579928779,3.3969710455969055,0.3227070980548116,11836.421334155713,45.83369997036528,58.39294060060636,0.09360812490939494
2020-04-12,Neutral,22.467666666666666,18.0,203.61714285714285,245.85714285714286,12916.714285714286,198.95499557501194,195.85388109386608,64.92271428571428,2.3692665339154657,1454400.0,0,-4.662147282130937,12916.714285714286,983.1733333333334,29495.200000000004,101.96666666666667,4588.5,35327.55333333333,45.33767850316362,28.014542857142857,11.895942857142858,39.91048571428571,0.0,0.0,0.035199999999999676,0.0862999999999996,0.12150000000000105,233.0,301.0,0.21328571428571427,-3.1585714285714284,176.21285714285713,2285.0,7210.571428571428,94.3570472769422,90.5827653858645,45.33767850316362,48.2444320732269,1168.371860304301,38.0,101.35143073160164,76.26771700755691,144.69217328815301,371.54266364959636,-23548.855706635488,9853.302642124236,3.3229537162336285,0.3320543173012465,12189.091736592936,51.302437899912455,46.998300240867096,-0.012368196178208226
2020-04-19,Neutral,22.467666666666666,18.0,198.1142857142857,244.42857142857142,12951.714285714286,197.7713936959307,200.00043674511335,65.48842857142857,2.3692665339154657,1454400.0,0,-0.3428920183550182,12951.714285714286,983.1733333333334,29495.200000000004,101.96666666666667,4588.5,35327.55333333333,45.17170701168251,28.47717142857143,11.968171428571427,40.44534285714286,0.0,0.0,0.047100000000000364,0.06660000000000021,0.11369999999999791,233.0,301.0,0.2377142857142857,8.108571428571429,182.16428571428568,3312.0,9286.714285714286,95.07068673578972,91.26785926635812,45.17170701168251,48.07514115191616,1204.319038557264,38.0,101.18981478928977,75.26195078843315,145.2819512540101,376.36760623647837,-17849.164556594107,7428.433717082541,3.389950108340436,0.3046531270874767,11809.633950018255,45.69552528453782,47.62237510575913,0.03488612858596622
2020-04-26,Neutral,22.467666666666666,18.0,197.67142857142858,244.28571428571428,13059.42857142857,197.6523427470281,199.28603881352632,66.07285714285715,2.3692665339154657,1454400.0,0,-0.019085824400491447,13059.42857142857,983.1733333333334,29495.200000000004,101.96666666666667,4588.5,35327.55333333333,45.749443206217386,29.061557142857144,12.051057142857143,41.11261428571429,0.0,0.0,0.5646999999999991,0.08939999999999992,0.6541000000000003,233.0,301.0,0.22914285714285715,4.342857142857143,176.54999999999998,4713.0,7606.428571428572,96.3016333315875,92.449567998324,45.749443206217386,48.66443207034173,1227.4497275778392,38.0,101.7830951639866,75.8336699420782,142.58528647547726,367.4328122668204,-22185.40210203223,10038.858635496248,3.503758425953173,0.30904804337818775,12325.065588989224,45.83457265062509,56.13504969891577,0.042929435964535786
2020-05-03,Neutral,14.635675464320625,18.0,193.38000000000002,239.57142857142858,12891.0,193.6987544480252,199.2849604789903,66.55285714285715,2.3692665339154657,1454400.0,0,0.3187544480251948,12891.0,1081.432688172043,32442.98064516129,96.62795698924731,4348.258064516129,38572.353978494626,46.060872671533225,29.4664,12.142957142857142,41.60935714285714,0.0,0.0,0.3409000000000022,0.09290000000000045,0.43380000000000307,230.85714285714286,304.42857142857144,0.22328571428571428,2.0942857142857143,175.9842857142857,6800.0,12330.857142857143,97.2072600652357,93.31896966262627,46.060872671533225,48.98209012496391,1194.6027733642318,38.0,101.2969914614781,76.08752331798617,139.02945757623266,354.1989711485385,-24917.96139688811,10565.513545777498,3.1081260381410436,0.32199222821429113,11271.076147995022,50.34105830392726,44.13553230632879,-0.062122678574517455
2020-05-10,Neutral,4.193020527859237,18.0,194.70714285714286,240.71428571428572,13031.714285714286,194.65388949980397,190.28426895782923,66.94714285714285,2.3692665339154657,1454400.0,0,-0.053253357338868615,13031.714285714286,1212.4451612903224,36373.354838709674,89.50967741935484,4027.9354838709673,42898.75483870968,44.70671726422834,29.635442857142856,12.245785714285713,41.881228571428565,0.0,0.0,0.10029999999999895,0.10679999999999994,0.20709999999999673,228.0,309.0,0.2152857142857143,1.1714285714285713,178.35285714285715,14301.0,25117.285714285714,96.87716363424533,93.00207708887551,44.70671726422834,47.60085160951291,1220.7999611690593,38.0,102.14474186275545,75.63545242440912,139.22775933259277,363.4581770203777,-12787.128154598913,12984.22527203399,3.2523135645589747,0.3210903527950193,11863.915642435482,47.98851137207958,49.32514522072019,-0.1093418692291328
2020-05-17,Neutral,4.193020527859237,18.0,187.22142857142856,238.57142857142858,12998.42857142857,192.85765076140598,191.71563632848705,67.4,2.3692665339154657,1454400.0,0,5.636222189977409,12998.42857142857,1212.4451612903224,36373.354838709674,89.50967741935484,4027.9354838709673,42898.75483870968,44.93492364550949,29.864742857142858,12.3343,42.19904285714286,0.0,0.0,0.28090000000000104,0.08120000000000001,0.3621000000000032,228.0,309.0,0.1942857142857143,-8.582857142857142,173.59857142857143,13203.0,24014.0,97.68566941736267,93.77824264066817,44.93492364550949,47.83362211841968,1170.6191478629703,38.0,100.60924418397363,76.76209402098043,134.5406814554797,347.08929592500675,-29984.24585680709,13804.888972304294,3.7332402546476127,0.33269168027448204,11635.02564421645,50.38789070937713,49.78894931514271,0.0067621867265021075
2020-05-24,Neutral,4.193020527859237,18.0,186.5442857142857,239.85714285714286,13158.42857142857,193.93334996187176,195.00158281193404,67.85000000000001,2.3692665339154657,1454400.0,0,7.389064247586049,13158.42857142857,1212.4451612903224,36373.354838709674,89.50967741935484,4027.9354838709673,42898.75483870968,45.57143925804986,30.09635714285714,12.40857142857143,42.50492857142858,0.0,0.0,0.2119000000000002,0.07149999999999991,0.2833999999999979,228.0,309.0,0.20157142857142857,-5.084285714285714,170.45,12708.0,23667.14285714286,98.77026903138027,94.81945827012505,45.57143925804986,48.482868043210864,1183.9305671810478,38.0,102.23248938061542,76.87736461715859,132.35288027993735,333.5242792546279,-12932.382205439031,15925.01600906462,3.144071493887167,0.3091929034116232,11743.148008627064,53.710568490781235,51.30275092657778,0.030426676555179753
2020-05-31,Neutral,4.193020527859237,18.0,188.99714285714285,240.0,13237.142857142857,194.06048428233746,194.99852897911146,68.21142857142857,2.3692665339154657,1454400.0,0,5.063341425194575,13237.142857142857,1212.4451612903224,36373.354838709674,89.50967741935484,4027.9354838709673,42898.75483870968,45.1074166975032,30.277257142857145,12.474857142857145,42.75211428571429,0.0,0.0,0.16849999999999943,0.06420000000000006,0.23270000000000124,228.0,309.0,0.20185714285714287,-4.972857142857142,168.82714285714286,14321.0,24039.85714285714,98.97970408730939,95.020515923817,45.1074166975032,48.00956503145327,1199.7062319395482,38.0,101.80403622351085,72.43375747355775,136.86245167917187,342.7206951844541,-23223.067114173075,7668.483711747173,3.697840854408086,0.3160267492762581,10534.66154200772,46.192627198889554,43.999217045115806,-0.050662555107176856
2020-06-07,Neutral,7.709545454545454,18.0,189.27857142857144,241.28571428571428,13397.714285714286,195.13021611164433,194.99852897911146,68.66,3.1806030077352596,1668400.0,0,5.851644683072903,13397.714285714286,1189.44,35683.200000000004,114.42666666666668,5149.2,37106.486666666664,64.91241191901305,30.528614285714287,12.561342857142858,43.089957142857145,0.0,0.0,0.28449999999999975,0.09540000000000023,0.37989999999999857,250.0,322.0,0.22442857142857142,1.9057142857142857,174.3242857142857,13387.0,24394.0,113.22961694598426,108.7004322681449,64.91241191901305,68.21066015739332,1208.0355374861642,38.0,101.33630305581882,73.03504854094652,138.1686180828571,345.86779342846984,-12647.904554872877,16106.62911176911,3.42352431771833,0.3164347635295423,11091.978334929587,50.781503766317954,55.153966495866335,0.061679311392935886
2020-06-14,Neutral,7.709545454545454,18.0,186.42428571428573,242.0,13520.285714285714,195.7313880006213,194.9983407053721,69.07571428571428,3.1806030077352596,1668400.0,0,9.307102286335587,13520.285714285714,1189.44,35683.200000000004,114.42666666666668,5149.2,37106.486666666664,64.81674266521915,30.96047142857143,12.686742857142857,43.64721428571429,0.0,0.0,0.49080000000000057,0.13739999999999963,0.6282000000000005,250.0,322.0,0.2547142857142857,-4.971428571428571,170.43428571428572,13808.0,24868.428571428572,113.84908298674522,109.29511966727542,64.81674266521915,68.11307751852354,1228.6356674342785,38.0,100.90827131308149,75.68892169432145,133.02195760444576,339.07717688286544,-15713.672656033157,14513.542816362527,3.477797441000822,0.3265173510804481,11678.882463401449,50.40175316167311,43.182979118346125,-0.015800473214892304
2020-06-21,Neutral,7.709545454545454,18.0,179.34857142857143,240.85714285714286,13534.0,194.77923590607878,194.99804766823965,69.48428571428572,3.1806030077352596,1668400.0,0,15.430664477507365,13534.0,1189.44,35683.200000000004,114.42666666666668,5149.2,37106.486666666664,65.7746206027472,31.022485714285715,12.795,43.817485714285716,0.0,0.0,-0.1095000000000006,0.09660000000000005,-0.012899999999998357,250.0,322.0,0.23914285714285713,-4.49,168.28285714285715,13564.0,24357.571428571428,115.18932444900308,110.58175147104295,65.7746206027472,69.09011301480214,1191.0242915734018,38.0,101.70238381959844,72.84415090238573,128.64716052469646,333.8986714937426,-26205.180690649246,13443.26212432773,3.19492204746544,0.32401813301807064,11391.765806388872,52.095909421517604,56.41833327554493,0.012269137555772991
2020-06-28,Neutral,7.709545454545454,18.0,176.30857142857144,240.0,13570.857142857143,194.05926516815228,192.8559018178427,69.93142857142857,3.1806030077352596,1668400.0,0,17.750693739580846,13570.857142857143,1189.44,35683.200000000004,114.42666666666668,5149.2,37106.486666666664,64.2567902649207,31.028128571428574,12.86367142857143,43.8918,0.0,0.0,0.05170000000000119,0.05750000000000004,0.10919999999999908,250.0,322.0,0.22742857142857145,-2.0685714285714285,163.56428571428572,14263.0,26015.285714285714,114.86676197547209,110.2720914964532,64.2567902649207,67.5419260702191,1158.0109857793464,38.0,102.13278178850692,73.33636617053784,126.76041930866748,328.39426850209935,-17585.077103892017,13820.363628854584,3.280129911217766,0.312101482221959,11958.101901376303,54.697804798558835,45.24656970181378,0.01594953874595307
2020-07-05,Neutral,10.556539589442815,18.0,180.24571428571429,241.28571428571428,13728.42857142857,195.13189909613084,190.0,70.35428571428572,3.1806030077352596,1668400.0,0,14.886184810416536,13728.42857142857,1206.0012903225806,36180.03870967742,79.6610752688172,3584.748387096774,40555.337204301075,64.68608680551596,31.143400000000003,12.938671428571428,44.08207142857144,0.0,0.0,0.1406999999999985,0.08199999999999995,0.222700000000001,257.85714285714283,332.7142857142857,0.22914285714285715,-6.687142857142858,158.32,14155.0,23588.85714285714,115.86314378594749,111.2286180345096,64.68608680551596,67.97980854162628,1209.619673707062,38.0,101.96621741975514,75.34917165257916,127.83147840311385,342.5332857283624,-24522.256895344082,10493.633227208307,3.4389262471580784,0.3232671942408497,12067.344404728497,46.343512498928604,49.06267148777705,-0.02179358585350971
2020-07-12,Niña,11.69533724340176,18.0,190.21714285714285,243.57142857142858,13934.142857142857,197.05207626570504,194.29036394833724,70.71285714285715,3.1806030077352596,1668400.0,0,6.834933408562177,13934.142857142857,1212.6258064516128,36378.77419354839,65.75483870967741,2958.967741935484,41934.87741935484,64.84913233810347,31.36167142857143,13.000957142857143,44.36262857142857,0.0,0.0,0.2493000000000012,0.054400000000000316,0.30369999999999875,261.0,337.0,0.261,-2.1042857142857145,164.8242857142857,12424.0,24762.285714285714,116.56930390693637,111.90653175065891,64.84913233810347,68.14611498486553,1192.1932276829739,38.0,101.93434130320871,75.25632325316857,136.9999017340063,350.15678344328586,-20361.861896236605,11725.102892238601,3.383392531555182,0.3213852310385236,11636.082538350869,54.615730754582955,51.705551527094414,-0.1325269852069715
2020-07-19,Niña,11.69533724340176,18.0,196.4,245.28571428571428,14131.142857142857,198.48785016375496,194.1436615186615,71.19428571428571,3.1806030077352596,1668400.0,0,2.087850163754967,14131.142857142857,1212.6258064516128,36378.77419354839,65.75483870967741,2958.967741935484,41934.87741935484,65.14565099852642,31.741185714285713,13.07057142857143,44.811757142857154,0.0,0.0,0.43159999999999954,0.07569999999999974,0.5073000000000008,261.0,337.0,0.265,2.6957142857142853,175.07857142857142,14297.0,22826.0,117.57428673204481,112.871315262763,65.14565099852642,68.44856401849697,1202.1430103647006,38.0,101.15179022750524,73.57949835320888,140.52025180222955,359.17719691975196,-28055.37963626262,9927.901525348792,3.142258821925263,0.31431018996012894,12292.722417402809,52.20531350151659,41.26307908562067,0.09624167311775829
2020-07-26,Niña,11.69533724340176,18.0,196.00571428571428,242.85714285714286,14068.57142857143,196.449376935961,195.0,71.61428571428571,3.1806030077352596,1668400.0,0,0.44366265024671797,14068.57142857143,1212.6258064516128,36378.77419354839,65.75483870967741,2958.967741935484,41934.87741935484,64.28631911833747,32.02014285714286,13.151128571428574,45.17127142857144,0.0,0.0,0.2179000000000002,0.08250000000000023,0.30040000000000155,261.0,337.0,0.24585714285714286,4.498571428571429,183.96,13951.0,23013.14285714286,117.65306074770201,112.94693831779394,64.28631911833747,67.57204550070422,1190.4983239493151,38.0,101.85937624615245,75.14043806500693,140.25020524875345,361.38430296853164,-25779.741786924733,14039.54240140645,3.508570850612255,0.31533973627813633,11064.681038655634,48.83913877051636,50.306028809378454,-0.027491628113847127
2020-08-02,Niña,9.902785923753667,18.0,194.43142857142857,241.71428571428572,14077.0,195.4913852422579,195.0,72.00857142857143,3.1806030077352596,1668400.0,0,1.0599566708293366,14077.0,1157.8,34734.0,64.65806451612903,2909.6129032258063,38452.23225806452,65.45832092038918,32.19361428571428,13.2547,45.44831428571428,0.0,0.0,0.1556999999999995,0.11200000000000002,0.2676999999999983,269.57142857142856,339.85714285714283,0.21714285714285714,-10.731428571428571,171.85714285714286,15487.0,28961.428571428572,119.14422383269282,114.37845487938512,65.45832092038918,68.76748733879697,1203.7885657835686,38.0,101.10255051155674,76.66712696791326,139.77626666963346,354.45809955721995,-32051.365145814012,12834.260702426376,3.454168047367866,0.319459544574546,12077.179891660066,54.383093681662004,51.23927804017499,-0.09078463283852409
2020-08-09,Niña,5.4214076246334315,18.0,185.16571428571427,240.28571428571428,14081.42857142857,194.2959342966753,195.0,72.47428571428571,3.1806030077352596,1668400.0,0,9.130220010961024,14081.42857142857,1020.7354838709678,30622.064516129034,61.91612903225807,2786.225806451613,29745.619354838713,65.34294222026865,32.325385714285716,13.3627,45.68808571428572,0.0,0.0,0.12220000000000031,0.1063999999999997,0.22860000000000147,291.0,347.0,0.30542857142857144,6.725714285714285,173.2,25773.0,45911.42857142857,119.83149483397025,115.03823504061143,65.34294222026865,68.64980106467404,1175.7349766164655,38.0,103.09773083055074,77.33438110694671,134.20622734074803,336.73004487308316,-18527.165102693787,11759.82580194299,3.2513104362995366,0.31707717534199725,11253.841041313874,47.82499379501542,47.55801810639186,-0.10286418689371422
2020-08-16,Niña,5.4214076246334315,18.0,182.35714285714286,238.57142857142858,14055.714285714286,192.85036528270464,189.28571428571428,72.88428571428571,3.1806030077352596,1668400.0,0,10.493222425561795,14055.714285714286,1020.7354838709678,30622.064516129034,61.91612903225807,2786.225806451613,29745.619354838713,64.42666078477978,32.443157142857146,13.439528571428573,45.88268571428572,0.0,0.0,0.1160000000000001,0.06500000000000006,0.18099999999999827,291.0,347.0,0.3307142857142857,5.081428571428572,165.02857142857144,25969.0,44208.0,119.84110967093704,115.04746528409954,64.42666078477978,67.71519400047539,1201.4664473223233,38.0,102.13585185667009,74.19291581588816,130.6936345016348,338.54000268586014,-17024.369796627085,5359.526763956559,3.3446974385752646,0.31474096596193935,10569.650588082166,48.01125649205928,49.89747950862026,0.11013257460097638
2020-08-23,Niña,5.4214076246334315,18.0,190.05285714285714,239.57142857142858,14192.714285714286,193.69559738854764,185.0,73.27285714285713,3.1806030077352596,1668400.0,0,3.6427402456904963,14192.714285714286,1020.7354838709678,30622.064516129034,61.91612903225807,2786.225806451613,29745.619354838713,64.64403515111619,32.570657142857144,13.519885714285715,46.090542857142864,0.0,0.0,0.13210000000000077,0.08650000000000016,0.21860000000000213,291.0,347.0,0.362,5.445714285714286,162.9257142857143,24707.0,46260.857142857145,120.63841176207173,115.81287529158885,64.64403515111619,67.9369158541385,1182.6388937476506,38.0,101.69993045448754,74.23673798732177,136.97711949407437,360.40786620147355,-12835.305138419686,13952.60912019971,3.4035474120323004,0.327917739366893,11655.094414396448,51.602907650389874,50.946886284954864,-0.043798905015997515
2020-08-30,Niña,5.4214076246334315,18.0,196.33285714285714,243.28571428571428,14505.857142857143,196.80542149059917,185.28571428571428,73.70571428571428,3.1806030077352596,1668400.0,0,0.4725643477420322,14505.857142857143,1020.7354838709678,30622.064516129034,61.91612903225807,2786.225806451613,29745.619354838713,64.92002391434004,32.7134,13.624742857142857,46.33814285714286,0.0,0.0,0.1469999999999989,0.11219999999999948,0.259199999999999,291.0,347.0,0.38499999999999995,3.434285714285714,169.0514285714286,23888.0,46773.142857142855,121.55529891476405,116.69308695817348,64.92002391434004,68.21842439262683,1208.4633069080294,38.0,101.35167702913198,76.32779327974598,145.5014632337324,360.6598218171812,-19815.474116978567,18055.76688794532,3.3064397155157725,0.3229950147291744,11956.454245297127,51.274039246380404,47.90530735236884,0.03343820739818513
2020-09-06,Niña,7.298668621700879,18.0,200.00857142857143,244.57142857142858,14673.285714285714,197.8108084832242,185.0,74.17857142857143,3.1806030077352596,1668400.0,0,-2.197762945347222,14673.285714285714,973.5793548387097,29207.38064516129,73.88516129032259,3324.8322580645163,33268.734193548386,91.54533394584853,32.902542857142855,13.701442857142856,46.60398571428572,0.0,0.0,0.2060000000000004,0.06250000000000058,0.26849999999999774,280.7142857142857,365.0,0.4065714285714286,1.5028571428571433,175.18428571428572,26224.0,46605.42857142857,142.09420690404536,136.41043862788356,91.54533394584853,95.37624062476552,1173.3528142163852,38.0,100.8909977177498,76.98739222441789,143.7395018485932,362.9215277874909,-20397.574163974896,10798.479920521708,3.278299481461286,0.3212053462438359,11374.197260206409,47.173251244878955,58.20440794613744,0.145865916818273
2020-09-13,Niña,7.611545454545454,18.0,196.75285714285715,244.0,14730.285714285714,197.41911131994257,187.85714285714286,74.61428571428571,3.1806030077352596,1668400.0,0,0.6662541770854205,14730.285714285714,965.72,28971.600000000002,75.88,3414.6,33855.92,94.72259941258213,33.039471428571424,13.808014285714288,46.84748571428572,0.0,0.0,0.10929999999999929,0.12419999999999966,0.23350000000000293,279.0,368.0,0.3597142857142857,-16.312857142857144,173.6,24934.0,45256.57142857143,145.29159887678773,139.47993492171622,94.72259941258213,98.61705140083379,1200.724909342343,38.0,101.87721052412591,73.96882466942374,142.34751926063387,358.45243034658324,-40274.41682735451,11907.707906074185,3.503699919061542,0.32930926095816265,11404.706433948915,52.901710480456174,40.79944718127753,0.06901420223935852
2020-09-20,Niña,7.611545454545454,18.0,205.24285714285716,244.85714285714286,14877.285714285714,198.1280350315149,190.0,75.08857142857143,3.1806030077352596,1668400.0,0,-7.114822111342229,14877.285714285714,965.72,28971.600000000002,75.88,3414.6,33855.92,94.72991742246492,33.351414285714284,13.858142857142857,47.20955714285714,0.0,0.0,0.3930000000000007,0.020499999999999893,0.4134999999999991,279.0,368.0,0.3862857142857143,-15.83714285714286,171.53714285714287,23295.0,44378.57142857143,146.21994439650229,140.37114662064218,94.72991742246492,98.62451577091421,1196.4096408918563,38.0,101.2996412499004,74.31243726193296,148.3420980504998,387.5748906060332,-23646.578053502402,8952.749641795326,3.2156172513811385,0.3164410145428418,11303.031246765999,53.47636448612151,47.355604566063946,0.004092103849360376
2020-09-27,Niña,7.611545454545454,18.0,201.79142857142855,248.71428571428572,15198.42857142857,201.1549439095854,195.57142857142858,75.55571428571429,3.1806030077352596,1668400.0,0,-0.6364846618431638,15198.42857142857,965.72,28971.600000000002,75.88,3414.6,33855.92,94.4544849602586,33.71320000000001,13.916500000000001,47.62970000000001,0.0,0.0,0.3493000000000004,0.07350000000000059,0.42279999999999873,279.0,368.0,0.4154285714285714,-14.711428571428572,178.1557142857143,24219.0,46874.28571428572,146.9207081272984,141.04387980220648,94.4544849602586,98.34357465946378,1191.4905027470234,38.0,99.99238851047326,75.31349982903535,145.4143609846906,371.42436308884015,-24173.26636347248,10883.95715981828,3.45535636245199,0.32232852504476506,11370.081746291815,54.435982927959785,41.664390843535095,-0.12067357949149386
2020-10-04,Niña,10.369539589442814,18.0,208.27714285714288,252.0,15571.42857142857,204.09245503294628,190.85714285714286,76.2942857142857,3.1806030077352596,1668400.0,0,-4.184687824196549,15571.42857142857,828.4348387096775,24852.787096774195,84.15870967741935,3787.141935483871,31061.44774193548,94.32935177782758,33.85035714285714,13.9915,47.841857142857144,0.0,0.0,0.0522999999999989,0.07559999999999929,0.12789999999999768,276.7142857142857,374.2857142857143,0.4554285714285714,-14.675714285714287,178.74,28988.0,49700.0,148.26725731358925,142.33656702104568,94.32935177782758,98.21593881338414,1207.558805204571,38.0,101.36391572297892,75.88586179029808,147.49073114396998,390.6927877081797,-18101.85191663131,12545.330783116353,3.2767647420412955,0.32233410339887175,12385.772634883,43.25406316840718,46.81503600950396,0.028344175586030824
2020-10-11,Niña,12.438035190615834,18.0,218.41857142857143,256.2857142857143,15973.714285714286,207.696869619683,200.0,76.90857142857143,3.1806030077352596,1668400.0,0,-10.7217018088884,15973.714285714286,725.4709677419355,21763.677419354837,90.36774193548388,4066.5483870967737,28965.593548387096,95.50251934555452,33.97651428571429,14.0891,48.06561428571428,0.0,0.0,0.1557000000000004,0.10640000000000004,0.2621000000000038,275.0,379.0,0.5751428571428571,-13.368571428571428,186.8242857142857,51716.0,84792.42857142857,150.35832745837828,144.34399436004315,95.50251934555452,99.41256973246561,1188.2224562209776,38.0,101.72627958947191,74.35230680970645,155.9294144830105,392.7296329472112,-10029.027597686718,13823.55027156424,3.3838448881199112,0.31950421251909333,10789.653676097256,46.6682366345563,47.8152265301915,0.012424866799389409
2020-10-18,Niña,12.438035190615834,18.0,224.5842857142857,256.57142857142856,16059.42857142857,207.91307062516572,200.0,77.24142857142856,3.1806030077352596,1668400.0,0,-16.671215089120007,16059.42857142857,725.4709677419355,21763.677419354837,90.36774193548388,4066.5483870967737,28965.593548387096,94.91645114557294,34.074214285714284,14.160857142857143,48.23507142857143,0.0,0.0,0.07449999999999957,0.057900000000000784,0.13239999999999963,275.0,379.0,0.5941428571428571,-14.068571428571428,195.9385714285714,54033.0,86610.28571428571,150.55520316825437,144.5329950415242,94.91645114557294,98.81478016848438,1216.2529383944131,38.0,101.91925339779952,76.55474715421323,162.66605613399224,410.41122102291354,-25381.676869844083,7149.357309753256,3.336779620968342,0.31371193661953495,11539.762767171263,49.409871448709055,45.72748231719659,0.06132833645436321
2020-10-25,Niña,12.438035190615834,18.0,231.3342857142857,255.42857142857142,16086.285714285714,206.9635960137538,205.0,77.72571428571429,3.1806030077352596,1668400.0,0,-24.370689700531923,16086.285714285714,725.4709677419355,21763.677419354837,90.36774193548388,4066.5483870967737,28965.593548387096,94.19621352428896,34.18421428571429,14.230685714285714,48.4149,0.0,0.0,0.12420000000000098,0.07459999999999975,0.19879999999999942,275.0,379.0,0.6017142857142856,-16.287142857142857,197.21428571428572,54253.0,86985.14285714286,150.94071020661696,144.90308179835228,94.19621352428896,98.08013779477474,1186.513098129131,38.0,102.26829816317688,79.1788159261977,167.781937821563,424.9724192624687,-10934.985650581952,10440.912281831597,3.384702568002549,0.31804671063047857,10977.421540572497,52.96653446601646,51.424130677137036,-0.037662692632179716
2020-11-01,Niña,13.067566959921797,18.0,222.7642857142857,254.0,16072.42857142857,205.78228940137905,210.0,78.10428571428572,3.1806030077352596,1668400.0,0,-16.98199631290668,16072.42857142857,681.8322580645162,20454.580645161288,88.3447311827957,3975.512903225806,27332.418279569894,94.85271558258007,34.296485714285716,14.311857142857145,48.60834285714286,0.0,0.0,0.10749999999999904,0.08379999999999993,0.19129999999999825,275.14285714285717,379.57142857142856,0.6357142857142858,-13.134285714285713,206.3942857142857,53800.0,86937.85714285714,152.18829325429033,146.10076152411872,94.85271558258007,98.74976989423168,1162.689639350872,38.0,100.80469808622858,73.57070754700854,163.66059393801442,417.67404561271996,-6636.540370329647,10896.662447081753,3.5775769461157267,0.3108889052939044,11069.376761158503,54.693759137930165,46.597431535008084,0.11893049991046203
2020-11-08,Niña,16.844757575757573,18.0,222.3957142857143,256.2857142857143,16366.42857142857,207.67694319256998,208.57142857142858,78.80714285714285,3.1806030077352596,1668400.0,0,-14.718771093144309,16366.42857142857,420.0,12600.0,76.20666666666666,3429.2999999999997,17533.36666666667,95.16837694589488,34.40505714285714,14.431514285714286,48.836571428571425,0.0,0.0,0.10899999999999999,0.13400000000000029,0.24300000000000122,276.0,383.0,0.5942857142857143,-15.597142857142858,182.6314285714286,53851.0,86887.85714285714,153.8062073252078,147.65395903219945,95.16837694589488,99.07174448481278,1215.9258151461665,38.0,101.49047434148156,76.04716344400978,160.0629407879415,411.7730404089308,-22909.871252505272,10091.869141350131,3.371497726140054,0.3175544739872083,12116.384050443858,50.63884641601078,42.574888940869975,-0.10651285586168838
2020-11-15,Niña,16.844757575757573,18.0,219.03714285714287,261.42857142857144,16829.428571428572,211.75557947249675,213.57142857142858,79.47285714285715,3.1806030077352596,1668400.0,0,-7.281563384646107,16829.428571428572,420.0,12600.0,76.20666666666666,3429.2999999999997,17533.36666666667,95.37693456175717,34.522414285714284,14.541657142857144,49.064071428571424,0.0,0.0,0.12070000000000114,0.10059999999999941,0.22130000000000027,276.0,383.0,0.5674285714285714,-16.014285714285712,180.55714285714288,54325.0,86749.57142857143,155.27140564770244,149.06054942179435,95.37693456175717,99.2844732529923,1213.9830778327596,38.0,102.09376386743631,77.50609206517527,155.67522137421088,405.4055000322184,-12676.351989585995,13771.571047540061,3.375927510235081,0.32674947227799456,11411.805808567658,50.42341928101806,43.93192086793811,0.007107945833690883
2020-11-22,Niña,16.844757575757573,18.0,218.5,262.14285714285717,17010.571428571428,212.37183404030742,215.0,80.09857142857143,3.1806030077352596,1668400.0,0,-6.128165959692597,17010.571428571428,420.0,12600.0,76.20666666666666,3429.2999999999997,17533.36666666667,94.23596437042178,34.63747142857143,14.654114285714286,49.291585714285716,0.0,0.0,0.11279999999999912,0.11720000000000036,0.23000000000000043,276.0,383.0,0.5385714285714286,-16.867142857142856,176.06428571428572,53449.0,84183.28571428571,155.58047077020254,149.35725193939444,94.23596437042178,98.12068365783021,1207.1055320962732,38.0,101.1343207175807,74.85347197879604,155.44686289591485,404.69680999871883,-23630.168400709917,13761.236507862786,3.283123202109405,0.3203002699330875,11519.29396855279,55.55735287135149,56.364446327123055,-0.03269818142251455
2020-11-29,Niña,16.844757575757573,18.0,218.9057142857143,258.42857142857144,16702.0,207.13709590189154,211.42857142857142,80.63428571428572,3.1806030077352596,1668400.0,0,-11.76861838382276,16702.0,420.0,12600.0,76.20666666666666,3429.2999999999997,17533.36666666667,94.6907664515031,34.742985714285716,14.79467142857143,49.53765714285714,0.0,0.0,0.1025999999999998,0.1498999999999996,0.2525000000000004,276.0,383.0,0.5251428571428571,-15.237142857142857,178.51714285714283,53769.0,86586.0,156.98697160809732,150.70749274377343,94.6907664515031,98.58458178053317,1149.228602921726,38.0,101.79001897319642,73.94223173072494,156.82138045553233,408.9414683853499,-22971.76930189542,16890.151972247288,3.362219925757434,0.3097777734163346,11496.312346790513,50.754417220579136,44.06032091064841,-0.03113698494460634
2020-12-06,Niña,18.033842619745844,18.0,209.70714285714286,262.57142857142856,17279.285714285714,211.7149928064196,212.14285714285714,81.62,3.1806030077352596,1668400.0,0,2.00784994927674,17279.285714285714,1270.567741935484,38117.032258064515,225.06731182795698,10128.029032258064,36279.57956989248,95.35329585934595,34.855585714285716,14.913928571428572,49.769514285714294,0.0,0.0,0.11660000000000093,0.10700000000000032,0.22360000000000113,284.57142857142856,396.7142857142857,0.5095714285714286,-14.03,176.71714285714285,48223.0,77676.14285714286,159.44227155647405,153.06458069421507,95.35329585934595,99.26036177653286,1197.5160509270893,38.0,101.31573947210632,76.63123992598942,151.19037160435522,391.2824327141888,-17220.68465748218,11274.647663654456,3.5721939896482544,0.32134504378358486,11907.134682444017,48.50686030168664,37.46214042592402,-0.08237937278203063
2020-12-13,Niña,18.232023460410556,18.0,216.53142857142856,268.42857142857144,17825.285714285714,217.8647801080876,217.85714285714286,81.81428571428572,3.1806030077352596,1668400.0,0,1.333351536658999,17825.285714285714,1412.3290322580647,42369.87096774194,249.8774193548387,11244.48387096774,39403.94838709678,94.50176059427096,35.01775714285714,15.015428571428572,50.033185714285715,0.0,0.0,0.18039999999999878,0.09929999999999983,0.2796999999999956,286.0,399.0,0.5802857142857142,2.4099999999999997,174.92857142857142,16141.0,20216.428571428572,159.1289507979227,152.76379276600576,94.50176059427096,98.39179580615637,1198.0490099470364,38.0,101.23122224113074,72.94270774885591,154.81711688747373,393.9371785731825,-17062.579455036965,11015.732667349554,3.617130616193711,0.3252323169348194,11430.894738107498,52.79084075690447,56.99437924439517,-0.052123659987845176
2020-12-20,Niña,18.232023460410556,18.0,221.95142857142858,275.14285714285717,18435.428571428572,223.48425248142573,220.0,82.49000000000001,3.1806030077352596,1668400.0,0,1.5328239099971444,18435.428571428572,1412.3290322580647,42369.87096774194,249.8774193548387,11244.48387096774,39403.94838709678,95.70948284138055,35.26401428571429,15.132014285714288,50.39602857142857,0.0,0.0,0.2726000000000006,0.1235000000000005,0.39610000000000145,286.0,399.0,0.4978571428571429,2.8485714285714283,181.92428571428573,14657.0,19652.714285714286,161.442841604497,154.9851279403171,95.70948284138055,99.62367249820817,1173.6455202448938,38.0,100.7142649668292,76.55047988037033,161.55119841968832,415.77332141509567,-21634.546473149127,12759.821479632634,3.2094077510738406,0.31869126836816764,12139.511869268581,51.01420396236498,53.15374078152691,0.03242746743296019
2020-12-27,Niña,18.232023460410556,18.0,229.75857142857143,273.42857142857144,18455.428571428572,222.0495197607397,220.0,83.11428571428571,3.1806030077352596,1668400.0,0,-7.709051667831716,18455.428571428572,1412.3290322580647,42369.87096774194,249.8774193548387,11244.48387096774,39403.94838709678,94.72793462987677,35.47511428571429,15.245014285714287,50.720128571428575,0.0,0.0,0.18650000000000055,0.10880000000000001,0.2953000000000019,286.0,399.0,0.3767142857142857,-5.632857142857143,176.1585714285714,14656.0,19166.14285714286,161.84658251463443,155.37271921404906,94.72793462987677,98.62249332247428,1186.2524485206793,38.0,101.42289197265778,73.11319102401895,165.26502739060723,421.9339669154152,-15980.028316749327,6464.293172005992,3.6348941010880536,0.3206652795729167,11740.661876506763,48.466511118158714,45.11383612883332,0.02438456043407882
2021-01-03,Niña,19.956627565982405,18.0,229.99428571428572,271.0,18457.428571428572,220.0056995258836,220.0,83.89571428571428,3.1806030077352596,1668400.0,0,-9.988586188402072,18457.428571428572,1446.4322580645162,43392.967741935485,411.3354838709677,18510.096774193546,43318.154838709685,86.99914591521035,35.67725714285715,15.324457142857144,51.00171428571429,0.0,0.0,0.20839999999999925,0.06769999999999987,0.2760999999999987,309.14285714285717,425.57142857142856,0.29728571428571426,-5.545714285714285,182.6142857142857,14850.0,19623.285714285714,156.87893050411066,150.6037732839462,86.99914591521035,90.73912883351457,1195.5341165832738,38.0,101.46846579567193,75.25113537181457,165.41626920598043,432.1748740854753,-25013.595520128572,11341.408255708375,3.473760680629254,0.3177415757757441,11519.125436054923,53.04046144505878,51.866143173459015,0.04021021233798996
2021-01-10,Niña,22.256099706744866,18.0,236.32142857142858,274.0,18863.571428571428,222.52656024097854,220.57142857142858,84.76857142857143,3.1806030077352596,1668400.0,0,-13.794868330450027,18863.571428571428,1491.9032258064517,44757.096774193546,626.6129032258065,28197.580645161288,48537.096774193546,75.04294367762044,36.054728571428576,15.39787142857143,51.452600000000004,0.0,0.0,0.44510000000000094,0.07569999999999988,0.5208000000000022,340.0,461.0,0.261,5.432857142857143,192.9714285714286,14433.0,17537.285714285714,148.38044441406143,142.44522663749896,75.04294367762044,78.54380255117287,1193.9688809307715,38.0,101.62835847451801,79.05139740655417,170.5928423963302,435.4827773735073,-26217.32169284611,16191.98349551173,3.5751053100288206,0.3295195179507046,11625.59813155713,46.988808604498686,50.542105999618556,-0.05303892675144293
2021-01-17,Niña,22.256099706744866,18.0,244.44428571428574,286.2857142857143,19884.571428571428,232.81436960977456,229.42857142857142,85.40714285714286,3.1806030077352596,1668400.0,0,-11.629916104511144,19884.571428571428,1491.9032258064517,44757.096774193546,626.6129032258065,28197.580645161288,48537.096774193546,75.20548756686385,36.46568571428571,15.469785714285715,51.935471428571425,0.0,0.0,0.39729999999999865,0.07040000000000013,0.4676999999999989,340.0,461.0,0.24971428571428572,0.9142857142857143,198.4257142857143,15101.0,18879.0,149.63679655923536,143.65132469686594,75.20548756686385,78.70959731820112,1211.793084350689,38.0,102.39500686344373,75.45674143549925,176.0399527268697,447.59919454876587,-16396.93684139633,10413.49502021021,3.3275829545352074,0.30744144618809216,11565.76515751889,45.64840986407123,53.95211530014087,-0.01562580935967008
2021-01-24,Niña,22.256099706744866,18.0,240.79142857142855,289.42857142857144,20316.14285714286,235.96455233592414,231.85714285714286,86.09857142857143,3.1806030077352596,1668400.0,0,-4.82687623550441,20316.14285714286,1491.9032258064517,44757.096774193546,626.6129032258065,28197.580645161288,48537.096774193546,75.26913716460182,36.85505714285715,15.545757142857143,52.40081428571428,0.0,0.0,0.38620000000000054,0.0781999999999996,0.4643999999999995,340.0,461.0,0.25185714285714284,1.9842857142857142,204.17857142857142,15255.0,20152.85714285714,150.90305441000734,144.86693223360703,75.26913716460182,78.77451990789385,1209.0442529772959,38.0,102.1073055092633,74.50449008827435,175.04935286235445,454.90640808853385,-12836.371196325115,16107.021789910421,3.1932756377680342,0.32324504211831695,11163.387862490246,58.81531744402264,50.288104022388886,-0.08923068387115367
2021-01-31,Niña,22.256099706744866,18.0,241.77714285714288,281.85714285714283,19926.14285714286,229.10969177240148,221.71428571428572,86.9742857142857,3.1806030077352596,1668400.0,0,-12.66745108474137,19926.14285714286,1491.9032258064517,44757.096774193546,626.6129032258065,28197.580645161288,48537.096774193546,73.88417743338651,37.20025714285715,15.615957142857143,52.81621428571429,0.0,0.0,0.3288000000000011,0.06700000000000039,0.39580000000000304,340.0,461.0,0.24014285714285716,-2.7985714285714285,200.44428571428574,15887.0,18556.0,151.2363679628123,145.1869132442998,73.88417743338651,77.36186098205425,1228.8387575260756,38.0,101.87083259272981,79.73451626277388,177.48376900496154,447.7283700809056,-15411.846010803509,10084.610207187536,3.1605065177135434,0.31714706110513763,11710.603971608418,51.88652657231646,51.80755977667326,-0.010060086335622923
2021-02-07,Niña,5.013636363636364,18.0,237.6185714285714,274.85714285714283,19569.0,223.24424008876662,218.28571428571428,87.65857142857143,3.1806030077352596,1668400.0,0,-14.374331339804835,19569.0,2149.75,64492.5,629.5,28327.5,107078.0,74.02545899176376,37.459628571428574,15.699814285714286,53.15944285714286,0.0,0.0,0.23159999999999847,0.09059999999999935,0.32219999999999516,400.0,592.0,0.24685714285714286,0.3985714285714286,203.03,12836.0,17956.285714285714,152.54867572315035,146.44672869422433,74.02545899176376,77.50596817159904,1187.012063992042,38.0,101.89518610630792,76.6096460598509,172.03412009096036,443.9772672034977,-22993.164767963193,12800.14314347562,3.306557333092088,0.3246589597461944,12125.284635378945,54.736554466591265,52.32694660142938,0.012558210905493158
2021-02-14,Niña,5.013636363636364,18.0,237.1185714285714,271.7142857142857,19459.285714285714,220.6069955470869,213.57142857142858,88.20857142857143,3.1806030077352596,1668400.0,0,-16.511575881484514,19459.285714285714,2149.75,64492.5,629.5,28327.5,107078.0,73.73638380607076,37.675085714285714,15.809485714285714,53.48457142857143,0.0,0.0,0.2090000000000014,0.1173000000000004,0.32630000000000337,400.0,592.0,0.24485714285714286,2.141428571428571,214.12428571428572,2870.0,10062.57142857143,153.25056848331548,147.12054574398286,73.73638380607076,77.21111148219218,1247.0765825413594,38.0,101.49624704120977,78.00435649476165,172.05063525444967,450.7744384247286,-13525.824185466689,19464.516087749846,3.347378256861984,0.32839589076873554,11633.05917320978,53.20695157567405,45.167171099425936,0.026356072234144396
2021-02-21,Niña,5.013636363636364,18.0,239.48000000000002,270.2857142857143,19468.0,219.41035742152465,207.14285714285714,88.72857142857143,3.1806030077352596,1668400.0,0,-20.06964257847536,19468.0,2149.75,64492.5,629.5,28327.5,107078.0,75.16979819817743,37.79601428571429,15.885571428571428,53.681585714285724,0.0,0.0,0.08569999999999922,0.059599999999999875,0.14529999999999887,400.0,592.0,0.24014285714285716,0.2285714285714285,213.35285714285715,5189.0,10164.285714285714,155.42818014428218,149.21105293851087,75.16979819817743,78.67319416214097,1198.056344547129,38.0,100.78299781644034,79.57707249311058,176.24549989279015,441.46646914480607,-22739.312678429793,10684.694128794043,3.6461083410610207,0.3173120212623517,11469.437920420165,54.668910150151035,45.98592017954055,0.04081710656575729
2021-02-28,Niña,5.013636363636364,18.0,244.45714285714286,267.0,19389.85714285714,216.6659665898234,205.0,89.49285714285715,3.1806030077352596,1668400.0,0,-27.791176267319475,19389.85714285714,2149.75,64492.5,629.5,28327.5,107078.0,75.82508549935278,37.92328571428571,15.9761,53.899385714285714,0.0,0.0,0.14390000000000036,0.10289999999999999,0.24680000000000213,400.0,592.0,0.24814285714285716,3.5828571428571427,219.11714285714285,3737.0,9701.714285714286,157.34944349284407,151.05546575313028,75.82508549935278,79.34158720933983,1198.30189568371,38.0,101.40506128858206,76.88939895038975,175.4336888726334,450.0551075770525,-13162.367346070476,7702.121731520631,3.403709633648031,0.3173198617296462,11904.322873213832,47.35480916028724,57.78472979372361,-0.06914390279791184
2021-03-07,Niña,14.441348973607038,18.0,239.92857142857142,266.85714285714283,19504.0,216.54837083368483,207.71428571428572,90.06714285714285,3.1806030077352596,1668400.0,0,-23.380200594886606,19504.0,1820.4516129032259,54613.54838709677,344.1290322580645,15485.806451612905,64813.903225806454,74.33730804466543,38.110971428571425,16.091357142857145,54.202328571428566,0.0,0.0,0.2051999999999996,0.12020000000000053,0.3253999999999966,415.0,627.0,0.21957142857142856,-7.844285714285715,215.07714285714286,2630.0,8608.857142857143,157.02093701774507,150.74009953703526,74.33730804466543,77.82405420555877,1185.659870828156,38.0,101.79301813752524,75.96824512734905,171.32132938231868,453.86031820515683,-30319.432548439483,10488.433545181731,3.5961947387647197,0.3180049341567436,11014.951800013683,52.37342650074385,53.04604668667702,0.06569073115819783
2021-03-14,Niña,14.441348973607038,18.0,235.6357142857143,267.14285714285717,19630.85714285714,216.78642649569932,209.57142857142858,90.55428571428571,3.1806030077352596,1668400.0,0,-18.84928779001496,19630.85714285714,1820.4516129032259,54613.54838709677,344.1290322580645,15485.806451612905,64813.903225806454,74.55262593770888,38.269885714285714,16.172414285714286,54.442299999999996,0.0,0.0,0.14039999999999964,0.06539999999999968,0.20580000000000176,415.0,627.0,0.22242857142857142,-3.2857142857142856,212.3757142857143,4711.0,8554.285714285714,158.06491556374223,151.7423189411925,74.55262593770888,78.04367845646308,1206.565104089081,38.0,100.24545530019729,78.18380667333835,169.02851567861282,440.998652797592,-20028.42872728837,11645.987618218673,3.547806387955554,0.32514657309489897,11487.044134360945,50.88720193127362,53.49121841802658,-0.039852587169557814
2021-03-21,Niña,14.441348973607038,18.0,233.24857142857144,267.7142857142857,19782.14285714286,217.2601152510782,206.71428571428572,91.05285714285715,3.1806030077352596,1668400.0,0,-15.988456177493235,19782.14285714286,1820.4516129032259,54613.54838709677,344.1290322580645,15485.806451612905,64813.903225806454,75.46657201963153,38.42192857142857,16.260885714285713,54.682814285714294,0.0,0.0,0.15670000000000073,0.0976999999999999,0.2544000000000022,415.0,627.0,0.21757142857142855,-5.224285714285714,208.45714285714283,4117.0,7103.142857142857,159.7668870921635,153.37621160847698,75.46657201963153,78.97590346002417,1205.0494112783238,38.0,100.68697188118914,78.23514279894043,168.8903594010362,442.66141923534326,-29411.680157980423,9074.120806103138,3.397957341278359,0.3157174427661307,11936.690492922562,57.21409850015623,35.60588392783945,0.02445062568366878
2021-03-28,Niña,14.441348973607038,18.0,227.76142857142855,266.7142857142857,19810.571428571428,216.4270953636628,205.0,91.53428571428572,3.1806030077352596,1668400.0,0,-11.334333207765768,19810.571428571428,1820.4516129032259,54613.54838709677,344.1290322580645,15485.806451612905,64813.903225806454,74.57516768295673,38.49655714285715,16.34022857142857,54.83678571428572,0.0,0.0,0.041799999999998505,0.07199999999999962,0.1137999999999959,415.0,627.0,0.20914285714285713,-9.031428571428572,203.04714285714286,4982.0,8507.42857142857,159.7963166684855,153.40446400174605,74.57516768295673,78.06667103661587,1190.689510892206,38.0,100.70545095187776,73.66770371007799,165.8421851220725,419.9535417038182,-17590.169986996007,10635.958029261752,3.363428934155261,0.3199935324034352,11568.18807095701,45.67383008205606,48.570839960130975,0.091795127266085
2021-04-04,Niña,18.48854349951124,18.0,226.1614285714286,265.42857142857144,19765.714285714286,215.35663694247378,197.85714285714286,91.78142857142858,3.1806030077352596,1668400.0,0,-10.8047916289548,19765.714285714286,1436.5935483870967,43097.8064516129,240.4172043010753,10818.774193548388,53693.3870967742,75.15516926232375,38.59935714285714,16.43372857142857,55.03308571428572,0.0,0.0,0.1272000000000002,0.1021000000000003,0.22930000000000206,399.0,623.5714285714286,0.20971428571428571,-8.241428571428571,198.15714285714284,3116.0,9451.285714285714,160.75987574258656,154.32948071288314,75.15516926232375,78.65827264757023,1163.9266551633161,38.0,101.2240458568832,71.93252818952071,162.7176248091169,422.31643453864586,-9993.952327112172,10896.093728763983,3.5799039772176613,0.3168662456792991,12274.825292823716,54.7041490391447,48.61668679919019,0.009588013683159464
2021-04-11,Niña,21.523939393939397,18.0,230.6914285714286,261.0,19504.428571428572,211.62674634195665,195.0,92.16428571428571,3.1806030077352596,1668400.0,0,-19.064682229471952,19504.428571428572,1148.7,34461.0,162.63333333333333,7318.5,45353.0,74.64910992310459,38.665200000000006,16.506042857142855,55.171242857142865,0.0,0.0,0.04130000000000145,0.060399999999999565,0.10169999999999924,387.0,621.0,0.2107142857142857,-4.372857142857144,197.95857142857145,4731.0,8435.285714285714,160.964102631386,154.52553852613056,74.64910992310459,78.14209212156668,1203.1510274374584,38.0,101.79206257661154,72.27274892504751,169.89490738001535,432.4997129394481,-18069.572235346754,10574.521811785351,3.3805223604613235,0.3099637321959846,11867.288198387218,51.2853661733577,52.72043920659087,-0.0819858609305125
2021-04-18,Niña,21.523939393939397,18.0,237.10857142857142,262.0,19658.285714285714,212.48010743899727,195.0,92.51714285714286,3.1806030077352596,1668400.0,0,-24.628463989574165,19658.285714285714,1148.7,34461.0,162.63333333333333,7318.5,45353.0,74.29505547299398,38.7185,16.572657142857143,55.29115714285714,0.0,0.0,0.058099999999999596,0.06910000000000016,0.12719999999999843,387.0,621.0,0.2282857142857143,3.6814285714285715,207.2357142857143,4165.0,8280.857142857143,161.25317114740048,154.80304430150449,74.29505547299398,77.78095658245385,1198.4556051011516,38.0,100.18870324720366,75.95711391443713,168.3426029059016,442.42524007892183,-29783.84062584163,12258.92741074999,3.478877928704975,0.3179992485645888,11521.197708903366,51.28320522726257,44.58247441085028,0.078004497016725
2021-04-25,Niña,21.523939393939397,18.0,253.3414285714286,271.42857142857144,20462.428571428572,220.37913050766875,195.0,92.85000000000001,3.1806030077352596,1668400.0,0,-32.96229806375984,20462.428571428572,1148.7,34461.0,162.63333333333333,7318.5,45353.0,75.05759031875762,40.31852857142858,16.64082857142857,56.959357142857144,0.0418357908474737,2.41024776588374,0.18050000000000033,0.06459999999999999,0.24510000000000076,387.0,621.0,0.2337142857142857,6.432857142857143,216.8557142857143,4927.0,7445.285714285715,162.5404722033733,156.03885331523836,75.05759031875762,78.55874212513277,1226.8687295838965,38.0,101.13749737756247,74.36132024897331,179.3302475608712,471.98091917759655,-13647.101418618451,12124.624893849252,3.715613201002727,0.3239677587230365,11217.073944498668,48.687037214104635,54.23655543264704,-0.009631070623109498
2021-05-02,Niña,18.079110459433043,18.0,271.0442857142857,275.2857142857143,20853.14285714286,223.6051401936607,202.14285714285714,93.25999999999999,3.1806030077352596,1668400.0,1,-47.439145520625004,20853.14285714286,1239.5967741935483,37187.903225806454,132.2956989247312,5953.306451612903,48276.096774193546,75.39391296682291,41.450114285714285,16.709985714285715,58.1601,0.05981962095661637,3.479389030217322,0.6974999999999998,0.0697000000000001,0.767199999999999,391.85714285714283,625.2857142857143,0.21657142857142858,-0.9257142857142858,229.05714285714288,6333.0,9558.142857142857,163.573102450727,157.0301783526979,75.39391296682291,78.90179122615938,1231.063508817452,38.0,101.59636495869223,76.01183470134904,193.01090300968067,503.21074991927446,-22667.892326705834,10474.219690940621,2.8228931052284145,0.32496824064879226,11943.891085899255,48.62987782109228,50.65818071317899,-0.029737865159340654
2021-05-09,Neutral,9.467038123167157,18.0,278.3671428571429,281.57142857142856,21418.571428571428,228.87260232204875,205.0,93.58142857142857,3.1806030077352596,1668400.0,1,-49.49454053509413,21418.571428571428,1466.8387096774195,44005.161290322576,56.45161290322581,2540.322580645161,55583.838709677424,74.5340246712927,41.88947142857143,16.765828571428575,58.655300000000004,0.060455997004801525,3.5460797185033646,0.33610000000000007,0.05030000000000001,0.3864000000000001,404.0,636.0,0.19514285714285715,-8.141428571428571,251.5257142857143,11896.0,23935.714285714286,163.33140219691776,156.79814610904106,74.5340246712927,78.02470516471855,1198.677153457814,38.0,100.31565808790776,76.85669435550267,202.05452790676864,517.4904689210837,-18859.495884228472,12340.368059748887,1.2419290065690218,0.3092732567949428,11674.458029197585,58.96712510223813,52.51146902586046,0.0402769154042464
2021-05-16,Neutral,9.467038123167157,18.0,271.13428571428574,284.2857142857143,21681.285714285714,231.14748148553602,216.42857142857142,93.79857142857144,3.1806030077352596,1668400.0,1,-39.9868042287497,21681.285714285714,1466.8387096774195,44005.161290322576,56.45161290322581,2540.322580645161,55583.838709677424,73.36272976784828,42.3295,16.829485714285713,59.15898571428572,0.06096618576803307,3.6067693790876367,0.4816000000000007,0.06900000000000019,0.5506000000000015,404.0,636.0,0.1985714285714286,-6.538571428571429,256.84,13851.0,25046.571428571428,162.6118651475292,156.107390541628,73.36272976784828,76.82998436320524,1174.2614409342204,38.0,102.22461038036796,74.67470801626773,196.8758071894513,503.07536076132004,-25353.861878675292,10925.429099303414,1.0472992553980256,0.325849981118045,11882.831132558527,49.64334261905117,54.67458534157434,0.07253180722778212
2021-05-23,Neutral,9.467038123167157,18.0,250.65142857142857,279.14285714285717,21326.428571428572,226.83021628881806,220.0,94.02,3.1806030077352596,1668400.0,1,-23.82121228261052,21326.428571428572,1466.8387096774195,44005.161290322576,56.45161290322581,2540.322580645161,55583.838709677424,75.15825277628225,42.61302857142857,16.910128571428572,59.523157142857144,0.06197974176492472,3.689298695513867,0.2042999999999986,0.08529999999999978,0.2895999999999983,404.0,636.0,0.24571428571428572,15.52,263.51714285714286,12308.0,25851.571428571428,164.6842153982568,158.09684678232654,75.15825277628225,78.6614178318079,1192.9989373340693,38.0,102.74003567825842,73.5237972645248,182.81147468470974,461.69191902610095,-16702.53560206149,13360.36094014946,1.1519969207027927,0.33017031840938177,11665.471908230105,54.08957569273393,38.493246965681,-0.0014639671430680065
2021-05-30,Neutral,9.467038123167157,18.0,244.29,273.57142857142856,20941.714285714286,222.16805551656094,216.42857142857142,94.26142857142857,3.1806030077352596,1668400.0,1,-22.121944483439087,20941.714285714286,1466.8387096774195,44005.161290322576,56.45161290322581,2540.322580645161,55583.838709677424,75.4352264826973,42.75597142857142,16.968,59.723971428571424,0.06288889816634792,3.756001990374442,0.11840000000000117,0.046900000000000316,0.16530000000000244,404.0,636.0,0.22042857142857142,3.6799999999999997,237.85857142857142,12067.0,25837.0,165.36880373565108,158.75405158622502,75.4352264826973,78.94393101235123,1171.502378321291,38.0,101.10576714036549,73.63123754212947,178.17286246112252,460.7183177024794,-31451.232111303987,11414.651078783236,0.9960870047899338,0.3256395570257825,11307.963333385243,47.11588971041546,54.00425429447005,0.010210478902250918
2021-06-06,Neutral,4.256434017595308,18.0,251.12142857142857,274.2857142857143,21075.428571428572,222.7776701544037,214.28571428571428,94.60285714285715,3.3912389824131446,1553513.1185714283,1,-28.3437584170249,21075.428571428572,1858.5483870967741,55756.45161290323,91.26451612903226,4106.903225806452,49969.74838709678,74.57706026970367,42.991728571428574,17.047542857142854,60.03927142857143,0.06428733368039674,3.859889896285067,0.2827000000000002,0.09259999999999996,0.3752999999999993,470.85714285714283,721.7142857142857,0.2332857142857143,5.642857142857143,233.99428571428572,12672.0,25426.285714285714,165.15443556409178,158.5482581415281,74.57706026970367,78.06860147509774,1190.5269561837015,38.0,102.24151249637463,73.50553799643872,183.11902796165364,473.61692171617585,-15343.351080114677,10369.015945791083,1.4497921767040691,0.3158973838957509,11308.604599860384,48.00955339925859,53.08137373991383,-0.008122472371113484
2021-06-13,Neutral,3.388,18.0,250.5585714285714,273.85714285714283,21102.14285714286,222.41594216811265,215.0,94.87714285714286,3.426344978192792,1534365.3049999997,1,-28.14262926045878,21102.14285714286,1923.8333333333333,57715.0,97.06666666666666,4368.0,49034.066666666666,75.58841101883193,43.32492857142857,17.138928571428572,60.463857142857144,0.0650596024114377,3.933793243136978,0.3533999999999997,0.09089999999999988,0.44430000000000014,482.0,736.0,0.2911428571428571,8.664285714285715,243.16,12046.0,22927.428571428572,166.5938333810106,159.93008004577018,75.58841101883193,79.10017923920857,1155.1570560560178,38.0,101.32363794976696,73.71320773506578,181.54720509553286,456.00275238665006,-11501.717179275844,14677.009320459558,0.8380549562327718,0.32865361029411505,11208.365738942752,52.371522077457044,43.37851602684863,0.11909825480473647
2021-06-20,Neutral,3.388,18.0,242.82571428571427,273.7142857142857,21147.14285714286,222.28744695419195,204.28571428571428,95.13428571428572,3.426344978192792,1534365.3049999997,1,-20.538267331522324,21147.14285714286,1923.8333333333333,57715.0,97.06666666666666,4368.0,49034.066666666666,73.64928167288272,43.54161428571429,17.2439,60.785514285714285,0.19226990493739046,11.69712341169667,0.16199999999999992,0.11060000000000013,0.2726000000000002,482.0,736.0,0.261,2.287142857142857,236.19,13506.0,22827.0,165.20009539419763,158.59209157842972,73.64928167288272,77.12226730634039,1192.4748764501935,38.0,102.20181658131435,74.05351843414971,172.39246630347287,447.49645765937765,-15317.900863666977,12164.66294730212,1.3224877825727293,0.3145119410675578,11540.723388524206,44.78242796941244,54.841212551455854,0.05905589190417354
2021-06-27,Neutral,3.388,18.0,237.55285714285716,274.14285714285717,21226.571428571428,222.65358127781838,198.42857142857142,95.33428571428571,3.426344978192792,1534365.3049999997,1,-14.899275865038788,21226.571428571428,1923.8333333333333,57715.0,97.06666666666666,4368.0,49034.066666666666,75.00360202818221,43.661185714285715,17.34242857142857,61.003614285714285,0.24459744886372164,14.9214121195251,0.10259999999999891,0.0936999999999997,0.1962999999999977,482.0,736.0,0.22085714285714286,-5.451428571428571,223.64285714285714,13252.0,23489.0,166.83859163397582,160.16504796861682,75.00360202818221,78.50367406874587,1210.331400208978,38.0,100.86333251611093,73.90796043765276,166.1553032619118,428.76292574943375,-17750.18040255828,17944.830016180513,1.2756095747955922,0.3195314065587162,11903.580365869826,50.16204996285122,46.412284889313504,0.045546099258846576
2021-07-04,Neutral,1.945841642228739,18.0,238.99714285714285,275.7142857142857,21400.0,223.9663881313465,199.71428571428572,95.55,3.426344978192792,1534365.3049999997,1,-15.030754725796388,21400.0,1848.6290322580646,55458.87096774194,54.50322580645161,2452.6451612903224,58366.34193548387,74.72673183093062,43.81850000000001,17.428342857142855,61.24684285714285,0.11818027061649818,7.22866055233473,0.17920000000000114,0.0828000000000002,0.2620000000000018,495.14285714285717,757.7142857142857,0.2365714285714286,-2.4414285714285713,222.50428571428571,12100.0,23943.714285714286,166.95119908461035,160.27315112122594,74.72673183093062,78.22126646754923,1204.62399673819,38.0,101.9370019371477,73.11875971408288,171.83157278279663,444.02621588094,-26247.246165569675,11336.440458284449,1.2668904338983005,0.3179973092817145,11603.093700430798,56.30850246057097,43.62067184234562,-0.07353330302675166
2021-07-11,Neutral,0.8642228739002933,18.0,227.26714285714283,273.2857142857143,21251.285714285714,221.93259847805106,197.85714285714286,95.75571428571428,3.426344978192792,1534365.3049999997,1,-5.334544379091791,21251.285714285714,1792.2258064516132,53766.77419354839,22.58064516129032,1016.1290322580645,65365.54838709677,75.47646513678232,43.99998571428572,17.50807142857143,61.50805714285714,0.06801745092040454,4.183669174908654,0.18239999999999945,0.07850000000000001,0.260899999999999,505.0,774.0,0.26285714285714284,-0.647142857142857,222.31,13343.0,25468.714285714286,168.0285410015728,161.30739936150985,75.47646513678232,78.98599443951798,1202.7332821712582,38.0,101.44112221930023,76.53328664845579,162.70928501098257,418.1583340583146,-24774.2083870624,18397.170198267784,1.2378926794795024,0.3175988563902096,11747.723618781718,54.05578390320812,52.88751210335132,-0.03384047448159183
2021-07-18,Neutral,0.8642228739002933,18.0,244.52285714285716,275.57142857142856,21483.714285714286,223.85180042020642,200.0,95.97285714285714,3.426344978192792,1534365.3049999997,1,-20.67105672265075,21483.714285714286,1792.2258064516132,53766.77419354839,22.58064516129032,1016.1290322580645,65365.54838709677,74.51226419763158,44.15724285714286,17.570714285714285,61.727957142857136,0.06837937378314177,4.220925147618119,0.14719999999999978,0.05630000000000003,0.2035000000000009,505.0,774.0,0.2541428571428571,-2.6942857142857144,211.34857142857143,12847.0,22594.85714285714,167.48474768972687,160.78535778213777,74.51226419763158,78.00250948158421,1208.8006021275717,38.0,102.49628106779689,76.16181156637967,175.5549919768564,448.69785724492715,-15049.87091990608,13034.455018773637,1.2238542031250212,0.32343467017312294,11118.902836560981,47.257553038315464,47.14158365458126,0.1427433658663658
2021-07-25,Neutral,0.8642228739002933,18.0,254.75428571428571,277.7142857142857,21702.428571428572,225.63703466810003,200.71428571428572,96.18285714285715,3.426344978192792,1534365.3049999997,1,-29.117251046185693,21702.428571428572,1792.2258064516132,53766.77419354839,22.58064516129032,1016.1290322580645,65365.54838709677,74.58394841438228,44.41972857142857,17.64872857142857,62.06845714285714,0.06840491000455204,4.245785374621195,0.3086000000000002,0.0867,0.3952999999999989,505.0,774.0,0.24171428571428571,1.9642857142857146,229.01571428571427,14377.0,23017.571428571428,167.92002930385001,161.20322813169602,74.58394841438228,78.07562738266992,1221.538176702278,38.0,101.15735547215836,74.4296428697114,184.59403498186188,471.1102225335132,-21390.92126955965,12566.469629142975,1.3720854566804466,0.3202392487225622,11591.563376974518,43.12975701126372,38.96740895501996,-0.11103371572345318
2021-08-01,Neutral,1.5246627565982405,18.0,254.94142857142856,277.85714285714283,21771.428571428572,225.767349035529,204.14285714285714,96.43285714285715,3.426344978192792,1534365.3049999997,1,-29.174079535899534,21771.428571428572,1776.9354838709678,53308.06451612903,40.64516129032258,1829.032258064516,62251.06451612903,74.46776073491044,44.63025714285715,17.713357142857145,62.34361428571429,0.06931125994622737,4.321173690120235,0.17130000000000134,0.055799999999999864,0.22710000000000274,502.57142857142856,770.4285714285714,0.24114285714285716,0.9928571428571429,239.99571428571429,15835.0,27694.14285714286,168.24393602767464,161.51417858656762,74.46776073491044,77.95711594960866,1232.196128717866,38.0,102.37567919086908,75.03473983621859,183.3805492172789,472.88851261121533,-17512.492871013434,8383.983245491856,1.1003288992503577,0.31995354006112103,11193.227729609784,44.79899304614325,56.931889294596424,0.08264909276550413
2021-08-08,Niña,5.487302052785923,18.0,264.6114285714286,282.42857142857144,22192.0,229.58795265170997,216.28571428571428,96.66,3.426344978192792,1534365.3049999997,1,-35.0234759197186,22192.0,1685.1935483870968,50555.8064516129,149.03225806451613,6706.451612903226,43564.161290322576,74.91753225527152,45.06941428571429,17.79994285714286,62.86935714285715,0.0695514784715702,4.372633707539025,0.5462999999999987,0.0989000000000001,0.6451999999999982,488.0,749.0,0.29071428571428565,4.4714285714285715,233.46714285714285,24681.0,45836.857142857145,169.07542141277685,162.3124045562658,74.91753225527152,78.41588290037693,1145.356551615937,38.0,101.96122283186332,73.60193967703721,187.1563958649119,489.39710496935965,-15366.76036854612,8781.246496052805,1.5105483279479845,0.31794112931288004,11742.13928063845,46.016052617822595,51.46763858705973,0.02803687408326187
2021-08-15,Niña,5.487302052785923,18.0,273.2442857142857,284.0,22367.285714285714,230.90619504420005,228.28571428571428,96.86714285714285,3.426344978192792,1534365.3049999997,1,-42.33809067008565,22367.285714285714,1685.1935483870968,50555.8064516129,149.03225806451613,6706.451612903226,43564.161290322576,74.22886547765926,45.64892857142858,17.87462857142857,63.52355714285714,0.06932526547089946,4.403754340305861,0.5928000000000013,0.06500000000000009,0.6578000000000017,488.0,749.0,0.3292857142857143,7.535714285714286,246.6442857142857,26201.0,44249.0,168.77039054282068,162.01957492110787,74.22886547765926,77.71344278721244,1215.6014163259526,38.0,101.39798770577315,76.24467265070915,198.63569353550847,505.39883772728535,-29143.13673168642,11445.664381056506,1.4007973105768845,0.3155198948656138,11937.216212588502,52.92515094800452,52.01460208844344,-0.068655531334786
2021-08-22,Niña,5.487302052785923,18.0,267.9342857142857,287.42857142857144,22690.714285714286,233.77937003814037,227.85714285714286,97.05999999999999,3.426344978192792,1534365.3049999997,1,-34.15491567614533,22690.714285714286,1685.1935483870968,50555.8064516129,149.03225806451613,6706.451612903226,43564.161290322576,75.73103417876294,46.09815714285714,17.923985714285713,64.02214285714285,0.06905468986127854,4.421004357730047,0.39179999999999815,0.043099999999999826,0.43489999999999807,488.0,749.0,0.3232857142857143,-3.5742857142857143,241.91285714285712,24076.0,45151.0,170.56387677095492,163.7413217001167,75.73103417876294,79.24565486233821,1207.1881119272985,38.0,101.58157354524245,73.72266023396047,193.18873676594464,493.27989679235765,-9769.764158537593,7074.317320178533,1.1106792485782893,0.31941659199223693,11373.212134697624,47.81056841221302,41.77872566926269,-0.08444390988649454
2021-08-29,Niña,5.487302052785923,18.0,264.0228571428571,290.57142857142856,23003.85714285714,236.39789203862014,230.57142857142858,97.31000000000002,3.426344978192792,1534365.3049999997,1,-27.624965104236967,23003.85714285714,1685.1935483870968,50555.8064516129,149.03225806451613,6706.451612903226,43564.161290322576,75.51030990232661,46.41374285714285,18.00165714285714,64.41539999999999,0.06904886445833679,4.447818208313175,0.2850999999999999,0.09150000000000005,0.3765999999999998,488.0,749.0,0.35300000000000004,-3.1128571428571425,239.1057142857143,24445.0,46219.42857142857,170.7891676846362,163.95760097725073,75.51030990232661,79.02051610037314,1187.1944723861623,38.0,101.03957511578847,72.10994063228527,190.81842170248095,479.5550449065481,-14176.209013109024,8624.292162003947,1.2459665298012925,0.325714751860897,11325.960767812898,61.24311608340265,54.12892455349185,0.015275405944667423
2021-09-05,Niña,9.888103616813293,18.0,260.57142857142856,288.14285714285717,22876.571428571428,234.3771382551631,229.28571428571428,97.60571428571428,3.426344978192792,1534365.3049999997,1,-26.194290316265498,22876.571428571428,1746.983870967742,52409.51612903226,202.5806451612903,9116.129032258064,50594.73655913978,75.67669603358237,46.863200000000006,18.07822857142857,64.94142857142857,0.06886977202029249,4.472466437370064,0.515200000000001,0.0706000000000001,0.5858000000000008,552.2857142857143,731.8571428571429,0.38499999999999995,-2.1128571428571425,236.2671428571429,24427.0,45520.142857142855,171.47061331822093,164.61178878549208,75.67669603358237,79.19022995425404,1186.2438329100444,38.0,101.89687662238894,75.27746498863233,187.77568883290226,476.0336823815611,-18799.37006211922,13142.300982254617,1.3298056438868895,0.31910467812009075,11453.096571847245,49.57665625939973,46.640328720513025,-0.041642181529026205
2021-09-12,Niña,11.648424242424243,18.0,253.43,289.2857142857143,23025.14285714286,235.33789369205644,231.85714285714286,97.83857142857143,3.426344978192792,1534365.3049999997,1,-18.092106307943588,23025.14285714286,1771.7,53151.0,224.0,10080.0,53406.96666666667,75.14528252549397,47.338328571428576,18.181328571428573,65.51965714285714,0.06893168164798529,4.51640404655187,0.4590999999999994,0.11610000000000006,0.5751999999999988,578.0,725.0,0.43528571428571433,3.2114285714285713,237.52428571428572,23954.0,45875.42857142857,171.35917610688188,164.5048090626066,75.14528252549397,78.64818817600384,1209.6278571537052,38.0,101.46675253176656,74.6332190350779,182.46600271350627,469.45401832119114,-11214.642438899527,15814.575435449064,1.2524659014027806,0.31108486742245856,11174.546525128631,58.198327209335424,57.28540901527877,0.20649087695356813
2021-09-19,Niña,11.648424242424243,18.0,257.79,292.0,23308.0,237.61773013336338,232.85714285714286,98.09,3.426344978192792,1534365.3049999997,1,-20.172269866636636,23308.0,1771.7,53151.0,224.0,10080.0,53406.96666666667,77.20202239190745,47.740857142857145,18.266,66.00685714285714,0.06985432764206119,4.610976266651474,0.37989999999999924,0.07209999999999997,0.45199999999999907,578.0,725.0,0.45042857142857146,0.11714285714285712,229.36999999999998,24956.0,45054.0,173.81709445946697,166.8644106810883,77.20202239190745,80.74606283974559,1216.3254379528905,38.0,101.76327711836794,76.00790228794855,183.61131272343727,481.189495660397,-7911.732099381504,12800.3281351242,1.2800217208290465,0.31788724472558016,10918.010631582072,44.22339196421539,63.360771920403046,0.028638308366785048
2021-09-26,Niña,11.648424242424243,18.0,261.71285714285716,295.0,23608.85714285714,240.1466202424002,234.85714285714286,98.30999999999999,3.426344978192792,1534365.3049999997,1,-21.566236900456936,23608.85714285714,1771.7,53151.0,224.0,10080.0,53406.96666666667,75.97396954139421,48.13868571428572,18.349814285714285,66.4885,0.07062326818811857,4.695694830977948,0.40500000000000114,0.08849999999999991,0.4935000000000027,578.0,725.0,0.46814285714285714,-2.36,229.25285714285715,24807.0,46636.0,172.99992558529854,166.0799285618866,75.97396954139421,79.49344893222211,1224.2879428126678,38.0,101.20962661942562,76.75316598312456,187.9765191910176,479.37566603285325,-14591.263462480392,18618.018513384657,1.2493901001193317,0.3186240464677989,11157.279350278699,52.12808822820422,55.96990774751989,0.028798492866789087
2021-10-03,Niña,8.849673509286411,18.0,269.29714285714283,300.85714285714283,24140.85714285714,245.02546480229233,241.57142857142858,98.52285714285713,3.426344978192792,1534365.3049999997,1,-24.271678054850522,24140.85714285714,1552.3032258064516,46568.12903225807,202.70967741935485,9121.935483870968,56186.65376344086,81.46452264155974,48.596542857142865,18.420385714285715,67.01692857142858,0.07077654060314399,4.743223888557816,0.4789999999999992,0.06339999999999987,0.5423999999999998,679.5714285714286,742.1428571428571,0.5432857142857143,3.517142857142857,240.71714285714285,29427.0,51252.57142857143,178.78830298753033,171.63677086802912,81.46452264155974,85.09381309439094,1203.1725017126341,38.0,101.39887891548901,73.86472659975617,196.01802341406827,499.99940043796636,-26229.27721536639,11941.020458993733,1.3242251247448107,0.3144044006281253,11599.48990947005,50.266013634111175,59.7767471338684,-0.1309661954201813
2021-10-10,Niña,5.1180058651026386,18.0,273.6014285714286,306.57142857142856,24660.0,249.8009171276183,237.14285714285714,98.71857142857142,3.426344978192792,1534365.3049999997,1,-23.800511443810258,24660.0,1259.774193548387,37790.967741935485,174.32258064516128,7844.5161290322585,59892.903225806454,89.39185654000197,49.06032857142857,18.490499999999997,67.55082857142857,0.07092254250032169,4.790899609292838,0.4577,0.07279999999999998,0.5304999999999964,815.0,765.0,0.6648571428571428,1.4371428571428573,244.70857142857145,52287.0,85011.28571428571,186.965002536113,179.4864024346685,89.39185654000197,93.17969367080202,1191.5135780108806,38.0,102.30495830842435,76.07522669478972,194.3800390311573,496.1296165182027,-20900.41445878629,9311.32485263218,1.2573838655928233,0.3111485763649272,11298.895066938949,53.64879040061982,45.67069614494039,-0.11917544168627678
2021-10-17,Niña,5.1180058651026386,18.0,268.79714285714283,303.0,24416.0,246.85912952202534,232.14285714285714,98.90714285714286,3.426344978192792,1534365.3049999997,1,-21.93801333511752,24416.0,1259.774193548387,37790.967741935485,174.32258064516128,7844.5161290322585,59892.903225806454,89.8879724369559,49.47188571428571,18.569514285714288,68.0414,0.07204126599510556,4.90193202898174,0.39310000000000045,0.08150000000000018,0.47460000000000235,815.0,765.0,0.6691428571428572,-2.1385714285714283,244.63000000000002,53042.0,84797.42857142857,187.8131897488121,180.30066215885958,89.8879724369559,93.68573188569503,1188.1069950134374,38.0,101.42175394958531,77.3343760300329,194.7041098787748,488.60443342063684,-9401.014531506411,8149.389837787545,1.2228586184881711,0.31829923829206386,10903.16890500808,50.53441098515027,49.75960706634719,-0.007838773946177546
2021-10-24,Niña,5.1180058651026386,18.0,274.57428571428574,296.85714285714283,23962.85714285714,241.6756927469962,225.0,99.15285714285713,3.426344978192792,1534365.3049999997,1,-32.898592967289545,23962.85714285714,1259.774193548387,37790.967741935485,174.32258064516128,7844.5161290322585,59892.903225806454,89.98857620607612,50.11584285714286,18.673085714285712,68.78892857142857,0.07531273903553601,5.181379824926552,0.7442999999999991,0.11239999999999951,0.8566999999999982,815.0,765.0,0.704,-1.16,241.09,52567.0,85595.42857142857,188.3786352590956,180.84348984873176,89.98857620607612,93.78834773019764,1176.610494744583,38.0,101.95480676900527,73.15238657161144,197.82954074986293,502.20112008071817,-20819.7438490955,16112.963312904321,1.2371764620827328,0.3195073619892126,11330.051178247359,44.70042266696134,50.552349091876984,-0.027744161074089887
2021-10-31,Niña,5.1180058651026386,18.0,281.4742857142857,305.0,24710.428571428572,248.37381067893827,233.57142857142858,99.48714285714286,3.426344978192792,1534365.3049999997,1,-33.10047503534744,24710.428571428572,1259.774193548387,37790.967741935485,174.32258064516128,7844.5161290322585,59892.903225806454,89.19407156364964,50.66428571428571,18.774414285714283,69.4387,0.07842640673323817,5.446147569204066,0.4701000000000022,0.09690000000000006,0.567000000000002,815.0,765.0,0.7265714285714286,-0.8942857142857144,247.56,53350.0,85261.71428571429,188.22393760606636,180.6949801018237,89.19407156364964,92.97795299492263,1213.4870795811669,38.0,101.52670987888546,77.81185662982087,201.290841529439,520.8658877859583,-17094.788058804366,16967.72791558357,1.2968522493684351,0.3281565783397527,10988.20587277431,50.07585634342336,53.81831111636489,-0.055900111437547785
2021-11-07,Niña,22.358848484848483,18.0,285.7157142857143,314.57142857142856,25433.571428571428,255.0416912805229,240.14285714285714,99.72285714285714,3.426344978192792,1534365.3049999997,1,-30.674023005191355,25433.571428571428,794.2666666666667,23828.0,230.06666666666666,10353.0,23454.666666666664,89.72760572798094,51.221242857142855,18.871171428571433,70.09241428571428,0.08040008914840484,5.6356692240517665,0.5916999999999994,0.09670000000000073,0.6884000000000032,855.0,849.0,0.7124285714285714,0.11,254.54999999999998,51610.0,86683.57142857143,189.20189374588017,181.6338179960449,89.72760572798094,93.52215784254055,1213.7796759896385,38.0,102.51012351461175,71.94403704207129,205.33625038412922,535.130722224115,-17735.813804435365,14806.102660276345,1.2131455010264587,0.31704521452565804,11625.157925130605,43.37136299308732,53.308595768406356,-0.16113985008714193
2021-11-14,Niña,22.358848484848483,18.0,294.6385714285714,315.42857142857144,25715.0,257.23445006893024,242.46287429429,99.96714285714286,3.426344978192792,1534365.3049999997,1,-37.40412135964117,25715.0,794.2666666666667,23828.0,230.06666666666666,10353.0,23454.666666666664,89.92200880313321,51.673585714285714,18.96137142857143,70.63495714285715,0.08145724926963938,5.753810045051716,0.3965999999999994,0.08759999999999926,0.48419999999999774,855.0,849.0,0.6735714285714286,-1.502857142857143,245.3385714285714,51941.0,84594.14285714286,189.85934430801746,182.2649705356968,89.92200880313321,93.7204489791959,1187.3447819652033,38.0,102.17413913431018,76.48752129143989,211.61287667664274,536.6746901558769,-22763.29897251107,13988.580774709311,1.3356184160176807,0.3243307947070876,12053.93254419037,51.59565956424074,50.267048604002305,-0.011304811843206846
2021-11-21,Niña,22.358848484848483,18.0,301.7114285714286,310.85714285714283,25387.14285714286,253.4003450203425,242.79999999999998,100.18571428571428,3.426344978192792,1534365.3049999997,1,-48.31108355108607,25387.14285714286,794.2666666666667,23828.0,230.06666666666666,10353.0,23454.666666666664,90.87073649145131,52.03004285714286,19.046757142857142,71.0768,0.08230382024779291,5.84996660613359,0.3404000000000007,0.0845000000000006,0.42490000000000094,855.0,849.0,0.6398571428571429,-2.454285714285714,249.38000000000002,53704.0,84429.42857142857,191.22495202737326,183.57595394627833,90.87073649145131,94.68815122128034,1211.7226067564666,38.0,101.76863478604116,74.3733547743414,219.8993102166252,568.6943065201094,-14955.732572387164,10346.730352460776,1.1748680943213845,0.33527194071006433,11134.56514671625,45.52191212314251,60.606558836390604,0.053127625463176176
2021-11-28,Niña,22.358848484848483,18.0,305.9785714285714,316.85714285714283,25965.85714285714,258.4265622569892,237.85714285714286,100.47571428571429,3.426344978192792,1534365.3049999997,1,-47.55200917158221,25965.85714285714,794.2666666666667,23828.0,230.06666666666666,10353.0,23454.666666666664,90.62929591105377,52.402800000000006,19.1369,71.5397,0.08237205170808705,5.892847686051747,0.38569999999999993,0.09239999999999976,0.4780999999999995,855.0,849.0,0.6281428571428572,0.08,262.5728571428571,53308.0,85152.71428571429,191.53654270077706,183.87508099274598,90.62929591105377,94.44188182927485,1214.057021403267,38.0,101.2438425172149,76.20829859007654,221.80882774376687,561.7276498565974,-22832.162270479632,12684.581327442966,1.015673708848202,0.32973213240217836,11124.208834816425,46.08339038537832,46.58210439722763,-0.07631363956358608
2021-12-05,Niña,21.160969696969698,18.0,291.3157142857143,318.0,26163.85714285714,259.385032943066,239.28571428571428,100.86857142857141,3.426344978192792,1534365.3049999997,1,-31.930681342648295,26163.85714285714,1391.610752688172,41748.32258064516,222.0236559139785,9991.064516129032,50455.20430107527,90.56344227260708,52.73250000000001,19.267585714285712,72.0000857142857,0.08248135411240358,5.938687893020297,0.3072999999999997,0.1460000000000003,0.4532999999999969,858.5714285714286,880.4285714285714,0.5994285714285714,-0.37142857142857144,265.3457142857143,46020.0,75611.0,192.21902960239294,184.5302684182972,90.56344227260708,94.37471111805924,1208.4174753623424,38.0,101.83472378755125,72.64316637702845,210.65633458488693,536.4784833503907,-21534.83238299248,12199.677539823877,2.9201594643094317,0.32351058701352997,11600.14433539469,49.18435864429947,48.354127424077724,0.06902147236511331
2021-12-12,Niña,20.681818181818183,18.0,289.2557142857143,318.7142857142857,26328.714285714286,259.97847982783526,240.0,101.27285714285713,3.426344978192792,1534365.3049999997,0,-29.27723445787903,26328.714285714286,1630.5483870967741,48916.45161290323,218.80645161290323,9846.290322580644,61255.419354838705,90.60283995010818,53.12715714285714,19.409157142857143,72.53631428571428,0.0827448779648372,6.002039624486945,0.42960000000000065,0.13979999999999954,0.5694000000000017,860.0,893.0,0.5845714285714285,0.9342857142857143,252.46,15175.0,17493.0,193.0301358120211,185.30893037954024,90.60283995010818,94.41489674911034,1182.1380834434717,38.0,101.98056790294517,74.46092903149467,205.99838467603087,537.3777191530986,-19093.001209574,13576.712706204393,3.6678951536153224,0.31961658144403177,11459.405674783038,57.611446628706055,49.070418446196996,-0.02195738660874644
2021-12-19,Niña,20.681818181818183,18.0,284.64,318.2857142857143,26398.428571428572,259.6287834219921,240.0,101.67714285714285,3.426344978192792,1534365.3049999997,0,-25.01121657800786,26398.428571428572,1630.5483870967741,48916.45161290323,218.80645161290323,9846.290322580644,61255.419354838705,90.6475935860855,53.50132857142857,19.548671428571428,73.05,0.0828515376718856,6.052309048493973,0.35199999999999854,0.13940000000000052,0.4913999999999987,860.0,893.0,0.47314285714285714,-4.177142857142857,242.92714285714285,16188.0,17728.0,193.8455854813478,186.0917620620939,90.6475935860855,94.46054545780723,1230.3210121561817,38.0,101.15170351563117,73.79382447395155,201.79102866045648,521.0102044853979,-15691.611024371203,10330.6589463215,3.1529351283612086,0.3133057862361042,11054.171248752857,52.319114447917116,44.61713166159689,-0.12426694444380522
2021-12-26,Niña,20.681818181818183,18.0,296.57,317.85714285714283,26456.428571428572,259.2211698551195,239.28571428571428,102.06142857142856,3.426344978192792,1534365.3049999997,0,-37.34883014488049,26456.428571428572,1630.5483870967741,48916.45161290323,218.80645161290323,9846.290322580644,61255.419354838705,90.29352327122449,53.9419,19.682214285714284,73.62411428571428,0.08289005280247094,6.102711315947894,0.47600000000000087,0.13119999999999943,0.6072000000000006,860.0,893.0,0.41285714285714287,0.04714285714285715,246.43428571428572,16865.0,18106.428571428572,194.2166233895102,186.44795845392974,90.29352327122449,94.09939373664898,1175.2913113857426,38.0,101.29492922744797,76.13916251753128,215.37305203883116,546.525929814498,-25241.842362634092,10738.381441773856,3.3533201620024777,0.3121265834434435,11473.941443254556,46.245257682735506,48.36892085862464,0.024636140331782703
2022-01-02,Niña,16.886686217008798,18.0,289.85857142857145,311.7142857142857,26040.285714285714,254.11666965148356,237.14285714285714,102.4742857142857,3.426344978192792,1534365.3049999997,0,-35.74190177708786,26040.285714285714,2086.4193548387098,62592.58064516129,270.0967741935484,12154.354838709676,79861.09677419355,92.25428273697298,54.28832857142857,19.817414285714285,74.10574285714286,0.08292209138860085,6.145005824676266,0.29460000000000086,0.13679999999999992,0.4314000000000018,828.5714285714286,894.4285714285714,0.29300000000000004,-9.522857142857143,245.00571428571428,14460.0,16767.285714285714,197.0121503206081,189.13166430778375,92.25428273697298,96.09936839171245,1397.3412999998404,48.57142857142857,102.41811839010757,74.39591642893231,210.74087224848807,525.0582334374665,-17948.48978258929,14171.061683960228,3.262189399439273,0.3296151238899783,11508.243167065046,53.221214222194355,37.57773637589768,-0.0792239306640923
2022-01-09,Niña,7.398856304985337,18.0,278.74571428571426,307.57142857142856,25813.714285714286,250.6509152217303,234.28571428571428,102.98714285714286,3.426344978192792,1534365.3049999997,0,-28.094799063983977,25813.714285714286,3226.0967741935483,96782.90322580645,398.32258064516134,17924.516129032258,126375.29032258065,94.92021156450906,54.48442857142857,19.92042857142857,74.40485714285715,0.08294331198421012,6.171386168501011,0.15669999999999895,0.08950000000000002,0.2461999999999982,750.0,898.0,0.261,5.432857142857143,252.1185714285714,14433.0,17537.285714285714,200.74334497153293,192.71361117267162,94.92021156450906,98.81861579579925,1828.4320853396384,75.0,101.8784427252886,76.61028517345903,200.96345557338506,520.2320094238247,-14639.252076066727,11364.636521072125,3.3085567300528544,0.3220399671113245,11630.338724130268,52.34718119212061,55.34224898209121,0.020472585698750385
2022-01-16,Niña,7.398856304985337,18.0,276.17285714285714,300.57142857142856,25333.714285714286,244.72388842251388,233.57142857142858,103.52,3.426344978192792,1534365.3049999997,0,-31.44896872034325,25333.714285714286,3226.0967741935483,96782.90322580645,398.32258064516134,17924.516129032258,126375.29032258065,96.04157813359345,54.683485714285716,20.006,74.68948571428572,0.08292033261071467,6.193274594809277,0.21600000000000108,0.08400000000000007,0.29999999999999893,750.0,898.0,0.24971428571428572,0.9142857142857143,239.2057142857143,15101.0,18879.0,202.9429932933915,194.82527356165585,96.04157813359345,99.96240969626533,1813.6415633364918,75.0,100.9526941993481,76.06970427639841,195.27336973171919,505.6297199969179,-18943.537407345302,11216.019852567877,3.5390397163902287,0.3263956119605109,11509.451362899053,47.56093468881587,54.816528036139,-0.020420757770077253
2022-01-23,Niña,7.398856304985337,18.0,285.41285714285715,301.14285714285717,25523.714285714286,245.27094585471482,242.85714285714286,104.06285714285715,3.426344978192792,1534365.3049999997,0,-40.14191128814233,25523.714285714286,3226.0967741935483,96782.90322580645,398.32258064516134,17924.516129032258,126375.29032258065,95.34472738369553,54.9022,20.09692857142857,74.99912857142859,0.08290994665649333,6.218173823369442,0.21979999999999933,0.0936999999999999,0.3135000000000012,750.0,898.0,0.25185714285714284,1.9842857142857142,240.4485714285714,15255.0,20152.85714285714,203.2806161385709,195.1493914930281,95.34472738369553,99.25162193136946,1799.3769892913547,75.0,100.79085007868635,74.8649632218435,205.18585079053722,523.7450505099586,-22343.00497309332,10488.156724078406,3.662117205730611,0.3178005713322144,11579.156392536335,49.35578954075214,44.27861242328033,-0.058357469594559945
2022-01-30,Niña,7.398856304985337,18.0,288.43285714285713,306.2857142857143,26157.14285714286,250.22470842819962,250.0,104.53428571428572,3.426344978192792,1534365.3049999997,0,-38.20814871465751,26157.14285714286,3226.0967741935483,96782.90322580645,398.32258064516134,17924.516129032258,126375.29032258065,94.7931286680448,55.18464285714286,20.176628571428573,75.36127142857143,0.08271505160912375,6.233490170273612,0.3074999999999992,0.07410000000000028,0.3816000000000006,750.0,898.0,0.24014285714285716,-2.7985714285714285,246.23714285714286,15887.0,18556.0,203.626199129188,195.48115116402047,94.7931286680448,98.6889912414057,1785.8916078748796,75.0,101.68389480953309,75.49367367839558,208.59365440007016,533.3249113175485,-18457.436073228542,8148.3605333493115,3.4053603901610745,0.3166250052618324,10933.9292211571,48.387202919209,52.45119794923879,-0.07092563194075159
2022-02-06,Niña,17.614447004608294,18.0,279.6114285714286,307.0,26258.714285714286,249.91933043564404,250.0,105.06857142857143,3.426344978192792,1534365.3049999997,0,-29.692098135784516,26258.714285714286,2979.585253456221,89387.55760368664,517.4032258064516,23283.145161290322,102035.73504608295,94.71746303894214,55.406,20.274585714285713,75.68058571428573,0.08265216510925126,6.255165544905075,0.18689999999999962,0.10749999999999993,0.2943999999999978,679.7142857142857,902.2857142857143,0.24685714285714286,0.3985714285714286,249.35857142857142,12836.0,17956.285714285714,204.58649306863384,196.40303334588847,94.71746303894214,98.611812299721,1782.0601051397134,75.0,101.66014290862844,76.30598410133821,204.74213731807973,521.4679526197831,-13433.99952745177,10444.159496793898,3.4444946217212875,0.31629394296822405,12116.761495047396,49.78044418400399,47.92191772133617,0.053271463862398304
2022-02-13,Niña,19.317045454545454,18.0,288.56142857142856,310.7142857142857,26792.285714285714,253.2843294248891,250.71428571428572,105.77857142857144,3.426344978192792,1534365.3049999997,0,-35.27709914653947,26792.285714285714,2938.5,88155.0,537.25,24176.25,97979.1425,95.06769743376161,56.1069,20.35865714285714,76.46555714285715,0.08721940169423854,6.670558831424321,0.22130000000000116,0.07469999999999977,0.2960000000000029,668.0,903.0,0.24485714285714286,2.141428571428571,256.7157142857143,2870.0,10062.57142857143,206.34114005709225,198.08749445480856,95.06769743376161,98.96905138243685,1817.993902440577,75.0,101.33176608431913,76.72331464444889,209.23480888485284,523.6218221809899,-15880.603988798439,15811.942316632509,3.4544839331177832,0.3242197110584493,11691.566154145758,50.59214393428903,45.21532562474714,0.0537306193535053
2022-02-20,Niña,19.317045454545454,18.0,291.25,311.7142857142857,27045.85714285714,254.11473438890047,247.85714285714286,106.43142857142857,3.426344978192792,1534365.3049999997,0,-37.13526561109954,27045.85714285714,2938.5,88155.0,537.25,24176.25,97979.1425,94.47451390267159,56.6494,20.437428571428573,77.08682857142857,0.2035017493009743,15.702913247724776,0.3968999999999997,0.08040000000000003,0.47729999999999706,668.0,903.0,0.24014285714285716,0.2285714285714285,262.43857142857144,5189.0,10164.285714285714,206.98164150868084,198.70237584833356,94.47451390267159,98.36400418072503,1785.944194325235,75.0,100.4635557840403,74.51394155905886,213.20789221488107,527.4860825431957,-13475.571207502,16192.776671064645,3.4773979303996425,0.3215913384839412,11328.444676907991,52.89959197437173,47.21906502513283,-0.08288217533024654
2022-02-27,Niña,19.317045454545454,18.0,313.49571428571426,344.7142857142857,30184.428571428572,281.7596878107067,256.57142857142856,107.12,3.426344978192792,1534365.3049999997,0,-31.736026475007574,30184.428571428572,2938.5,88155.0,537.25,24176.25,97979.1425,96.50805397330535,57.006657142857144,20.52011428571429,77.52677142857144,0.13629317786880188,10.552649624075118,0.34140000000000004,0.08360000000000012,0.4250000000000024,668.0,903.0,0.24814285714285716,3.5828571428571427,272.17857142857144,3737.0,9701.714285714286,210.5010634575245,202.0810209192235,96.50805397330535,100.43821505277148,1818.020505885154,75.0,101.3943837249822,72.76042146066024,224.0853088409755,572.6035604046622,-17943.922515994986,10620.61422153743,3.5119078365979304,0.3255098069991621,12256.800206968814,54.949362183399636,49.473470154527995,-0.055695752908985464
2022-03-06,Niña,31.56943129451194,18.0,424.00857142857143,404.7142857142857,35306.28571428572,327.7873590507009,288.57142857142856,107.69285714285715,3.426344978192792,1534365.3049999997,0,-96.22121237787051,35306.28571428572,2363.9792626728113,70919.37788018433,745.6532258064516,33554.395161290326,101546.07455069125,95.3363267570285,57.29448571428572,20.739642857142858,78.03412857142858,0.09128084708292472,7.12304981721538,0.2663999999999993,0.2739000000000007,0.5403000000000004,96.32857142857142,130.04228571428573,0.21957142857142856,-7.844285714285715,309.38428571428574,2630.0,8608.857142857143,210.36496338676446,201.95036485129387,95.3363267570285,99.24305329216907,1780.1935475389196,75.0,101.54261215092329,75.11437524034706,304.12158636424766,785.4775782028411,-8389.610419962914,13652.918031509778,3.303388259872009,0.32464652401048477,11851.799648365904,51.72335625263803,47.60981503074219,-0.08151865654243269
2022-03-13,Niña,33.61149560117302,18.0,432.6114285714286,421.2857142857143,37368.142857142855,344.3235801547484,307.14285714285717,108.52714285714286,3.426344978192792,1534365.3049999997,0,-88.28784841668013,37368.142857142855,2268.225806451613,68046.77419354838,780.3870967741935,35117.41935483871,102140.56322580646,94.5071064479026,58.13481428571429,20.925328571428572,79.06014285714286,0.09180502460715331,7.2582754073820785,1.0699000000000018,0.15039999999999965,1.2202999999999995,1.05,1.216,0.22242857142857142,-3.2857142857142856,424.59142857142854,4711.0,8554.285714285714,211.09082790254803,202.6471947864461,94.5071064479026,98.39724857686066,1802.0569418848627,75.0,102.3078671676867,77.90598941647288,308.8758182769043,797.5962416958968,-30024.17685379475,13331.442941243813,3.4368678617073085,0.32426899114056756,11002.409028583055,50.577270866934334,51.21480292207725,-0.10219282461152056
2022-03-20,Niña,33.61149560117302,18.0,397.92857142857144,407.14285714285717,34906.142857142855,319.35528474279573,297.85714285714283,109.30571428571429,3.426344978192792,1534365.3049999997,0,-78.57328668577576,34906.142857142855,2268.225806451613,68046.77419354838,780.3870967741935,35117.41935483871,102140.56322580646,95.34341544015038,58.76628571428571,21.053228571428573,79.81951428571428,0.0925838721730914,7.390098061144738,0.45609999999999884,0.1189,0.5750000000000006,1.05,1.216,0.21757142857142855,-5.224285714285714,410.86,4117.0,7103.142857142857,213.52246619264483,204.98156754493903,95.34341544015038,99.2502837489534,1764.0553584305744,75.0,101.91579877778494,77.02651012767038,283.0356434475806,731.618829850672,-12166.779807314424,13634.585245788765,3.1471644652840083,0.3221379886567215,11553.915703480418,48.26050986238996,48.48137962298163,-0.030149171819865705
2022-03-27,Niña,33.61149560117302,18.0,407.11571428571426,401.0,34334.57142857143,312.07574422993787,290.0,110.02,3.426344978192792,1534365.3049999997,0,-95.0399700557764,34334.57142857143,2268.225806451613,68046.77419354838,780.3870967741935,35117.41935483871,102140.56322580646,95.70587318428873,59.177099999999996,21.147557142857146,80.32465714285715,0.09335746353333423,7.498979073724661,0.3926999999999998,0.08449999999999958,0.47720000000000007,1.05,1.216,0.20914285714285713,-9.031428571428572,371.30428571428575,4982.0,8507.42857142857,215.31560209319528,206.70297800946744,95.70587318428873,99.61999064797452,1786.4594649318112,75.0,102.32565768273503,74.1032416601091,294.8956840940583,753.542749291395,-20898.526849064336,10014.540695188805,3.274542595575439,0.3229146084254599,10635.679645744376,54.81762960667896,53.972024834663344,0.06331226483762245
2022-04-03,Niña,25.637932551319647,18.0,370.48999999999995,396.7142857142857,34246.42857142857,309.1810929597955,300.0,110.76571428571428,3.426344978192792,1534365.3049999997,0,-61.30890704020454,34246.42857142857,1991.2290322580645,59736.87096774193,552.0354838709677,24841.59677419355,83664.73612903226,95.81520148505135,59.463942857142854,21.230700000000002,80.69464285714285,0.09349976302948028,7.544923316799392,0.24449999999999972,0.08260000000000023,0.3270999999999973,394.0285714285714,1.2374285714285713,0.20971428571428571,-8.241428571428571,373.4271428571429,3116.0,9451.285714285714,216.89716574790512,208.2212791179889,95.81520148505135,99.73150551475239,1793.6267961447609,75.0,101.12091699758469,73.45298216261072,266.2893523468011,677.9780647427855,-19334.034951279344,17379.758651178905,3.439168268918823,0.325936797683418,11444.215699125138,48.19110287658099,48.761096655798376,-0.03915231186222912
2022-04-10,Niña,15.00651515151515,18.0,381.5257142857143,398.14285714285717,34387.71428571428,307.75911848169665,319.2857142857143,111.73571428571428,3.426344978192792,1534365.3049999997,0,-73.76659580401763,34387.71428571428,1621.8999999999999,48657.0,247.56666666666666,11140.5,59030.299999999996,94.76252010954013,59.83372857142858,21.308585714285716,81.14231428571429,0.09464618273763002,7.679976780599865,0.4199000000000017,0.07599999999999962,0.495900000000004,918.0,1.266,0.2107142857142857,-4.372857142857144,347.21714285714285,4731.0,8435.285714285714,217.62203512982504,208.91715372463204,94.76252010954013,98.65777051173093,1848.4717681846544,75.0,101.18395860840135,74.24657460971154,274.54929167196184,701.2711775318842,-27564.66539667599,10775.569562965726,3.5521362329326256,0.3200886321191566,11246.42481299579,47.55758771636311,53.90775276407561,-0.0214478570367418
2022-04-17,Niña,15.00651515151515,18.0,406.94571428571425,411.42857142857144,35805.42857142857,317.7462102097989,333.2857142857143,112.6842857142857,3.426344978192792,1534365.3049999997,0,-89.19950407591537,35805.42857142857,1621.8999999999999,48657.0,247.56666666666666,11140.5,59030.299999999996,95.17698183893775,60.48462857142857,21.378228571428572,81.86285714285714,0.09565028945410416,7.830329653610915,0.7432999999999983,0.06710000000000038,0.8103999999999965,918.0,1.266,0.2282857142857143,3.6814285714285715,360.23857142857145,4165.0,8280.857142857143,219.93521341283167,211.13780487631837,95.17698183893775,99.0805214757165,1777.7399727814316,75.0,101.23900400424043,77.85384621730547,296.3769061239094,752.3225761352707,-18306.20937847989,8258.49694152464,3.23163456465576,0.3251342457095748,11101.00659308072,44.26039916821822,41.57881608958557,0.038033689306048786
2022-04-24,Niña,15.00651515151515,18.0,397.4685714285714,436.57142857142856,40195.71428571428,353.1308115822227,353.2857142857143,113.82142857142857,3.426344978192792,1534365.3049999997,0,-44.3377598463487,40195.71428571428,1621.8999999999999,48657.0,247.56666666666666,11140.5,59030.299999999996,94.32484189197935,60.909,21.4399,82.34889999999999,0.09596487934247784,7.902612528249402,0.2967999999999984,0.059499999999999886,0.35630000000000184,918.0,1.266,0.2337142857142857,6.432857142857143,382.1885714285714,4927.0,7445.285714285715,221.18286813027316,212.33555340506226,94.32484189197935,98.21133872981895,1796.8580319046341,75.0,101.61284425531561,74.84765423952877,284.67236639539294,735.5564779822474,-26584.89959593358,9933.514287472082,3.436445314491322,0.31041556494987393,11210.980478620257,47.57236884689468,51.47221091869317,-0.01732992050063779
2022-05-01,Niña,14.062815249266862,18.0,390.0428571428571,448.7142857142857,42171.857142857145,367.0353348977116,365.57142857142856,114.89714285714285,3.426344978192792,1534365.3049999997,0,-23.007522245145488,42171.857142857145,1719.8774193548386,51596.32258064516,251.5225806451613,11318.516129032258,62778.65806451613,94.48394459865254,61.3028,21.510257142857142,82.81305714285713,0.09620408800109512,7.966983456343985,0.4326000000000003,0.07469999999999999,0.5072999999999968,895.1428571428571,1.2545714285714287,0.21657142857142858,-0.9257142857142858,374.73428571428576,6333.0,9558.142857142857,223.45590202649672,214.51766594543685,94.48394459865254,98.37362349062559,1754.6988188284424,75.0,101.86124483575836,77.0731060343968,280.26992625366273,729.377123332643,-16234.2519071627,16439.79511841931,3.414996935598701,0.3214944274735057,11558.247720572323,55.40174016838993,61.60685101662174,-0.08184953664063242
2022-05-08,Niña,8.400615835777128,18.0,395.28142857142853,454.14285714285717,43243.71428571428,373.1166647532197,367.14285714285717,115.89714285714285,3.426344978192792,1534365.3049999997,0,-22.16476381820885,43243.71428571428,2307.741935483871,69232.25806451612,275.258064516129,12386.612903225807,85268.80645161291,94.91310711455867,61.90732857142857,21.58474285714286,83.49207142857142,0.09599378123044401,8.01465772114524,0.6732999999999998,0.07440000000000024,0.7477000000000005,758.0,1.186,0.19514285714285715,-8.141428571428571,372.9614285714286,11896.0,23935.714285714286,225.89896182417917,216.86300335121197,94.91310711455867,98.81136925684984,1802.2820137454626,75.0,101.13502440454238,72.39716111062299,286.6082031143815,726.3773419377383,-12375.651131545243,14843.619033696466,3.3213420500255677,0.3156741756446146,11576.889796162506,46.90138410612237,42.020120101347985,0.08747454236003986
2022-05-15,Niña,8.400615835777128,18.0,417.3885714285714,458.7142857142857,44168.0,377.5453221881417,366.57142857142856,116.98571428571428,3.426344978192792,1534365.3049999997,0,-39.84324924042971,44168.0,2307.741935483871,69232.25806451612,275.258064516129,12386.612903225807,85268.80645161291,95.35897896599224,62.431485714285714,21.664285714285715,84.09577142857142,0.0961786136156453,8.088261635382286,0.4644999999999997,0.0815999999999999,0.5461000000000014,758.0,1.186,0.1985714285714286,-6.538571428571429,376.39285714285717,13851.0,25046.571428571428,228.5417064593672,219.4000382009925,95.35897896599224,99.2661585453121,1802.5092600627834,75.0,101.33048739607308,74.88366455082594,302.95251586862724,768.0407248171416,-17259.03134016896,12620.188597663697,3.3721477843971224,0.319672598187044,12199.505300734096,51.98775493409044,46.70734367508078,0.06996069164172264
2022-05-22,Niña,8.400615835777128,18.0,446.6685714285714,476.0,46342.142857142855,392.5467200756694,372.85714285714283,118.05428571428571,3.426344978192792,1534365.3049999997,0,-54.12185135290203,46342.142857142855,2307.741935483871,69232.25806451612,275.258064516129,12386.612903225807,85268.80645161291,94.15885758081298,62.92948571428571,21.739385714285714,84.66887142857142,0.09689022932132503,8.203685016227073,0.5114000000000014,0.07249999999999979,0.5838999999999994,758.0,1.186,0.24571428571428572,15.52,411.84857142857146,12308.0,25851.571428571428,229.21061286111566,220.04218834667105,94.15885758081298,98.04203473242924,1785.080108525344,75.0,102.08933598453864,75.12037906240302,322.0826366682721,826.6356613785671,-17170.852476607124,13318.080149452344,3.446994985997055,0.3198784431044543,11258.723847096107,58.009957855159904,58.02441302059038,-0.047903385472982986
2022-05-29,Niña,8.400615835777128,18.0,425.98857142857145,475.0,46656.857142857145,391.6888550277509,364.85714285714283,119.11714285714285,3.426344978192792,1534365.3049999997,0,-34.299716400820536,46656.857142857145,2307.741935483871,69232.25806451612,275.258064516129,12386.612903225807,85268.80645161291,95.34304884595745,63.26017142857143,21.816100000000002,85.07627142857143,0.09795715332435924,8.333909272861115,0.25840000000000085,0.07840000000000025,0.3368000000000029,758.0,1.186,0.22042857142857142,3.6799999999999997,433.42,12067.0,25837.0,232.6868602192413,223.37938581047166,95.34304884595745,99.2499098228766,1833.1660196547575,75.0,100.66573940607694,77.30799177329364,302.84417784893776,769.1863597060128,-16605.31280907383,13404.379354900699,3.197268065482794,0.31591601303589345,11568.93975478737,46.480101818758726,52.58041696937875,-0.08066719364992034
2022-06-05,Niña,2.844872922776149,18.0,391.82714285714286,481.14285714285717,47722.142857142855,396.9123303349038,364.57142857142856,120.23285714285714,2.8453195675485676,1475604.3728571427,0,5.085187477760924,47722.142857142855,1600.8548387096776,48025.64516129032,269.81182795698925,12141.532258064515,62857.349462365586,119.78642616351307,63.61185714285715,21.906642857142856,85.5185,0.09984663523410386,8.538950008584337,0.38900000000000023,0.09539999999999971,0.48439999999999817,693.0,1.098857142857143,0.233,5.651428571428572,409.65714285714284,12672.0,25426.285714285714,264.28878691967947,253.7172354428923,119.78642616351307,124.1821546867833,1790.0091752519947,75.0,100.86074544146493,77.67038563364473,282.9831926981448,725.1987872385482,-15608.792260369719,9473.010008271613,3.671785738137405,0.32003169140101834,12089.646636428994,50.40527645260015,38.81753609819028,0.0834472256907486
2022-06-12,Niña,0.6225757575757576,18.0,394.8971428571429,490.2857142857143,49108.57142857143,404.685603051849,362.14285714285717,121.34857142857143,2.612909403290878,1452100.0,0,9.788460194706163,49108.57142857143,1318.1000000000001,39543.0,267.6333333333333,12043.5,53892.76666666666,130.30827049907697,63.839035714285714,22.00100142857143,85.84003714285714,0.10108099462397035,8.676841123229272,0.1624499999999971,0.09394200000000019,0.25639199999999907,667.0,1.064,0.28985714285714287,8.708571428571428,380.53000000000003,12046.0,22927.428571428572,279.47540077293706,268.2963847420196,130.30827049907697,134.91443590905848,1804.4770570359342,75.0,101.63790854581377,75.80759708470643,285.686326494636,738.6371040065359,-30460.97976962289,11631.900370208734,3.699213319733066,0.3181674378796582,11261.105089967046,39.72209204012283,47.26532459575768,0.036477575542588285
2022-06-19,Niña,0.6225757575757576,18.0,392.8585714285714,482.85714285714283,48815.857142857145,398.3687433264944,351.42857142857144,122.53999999999999,2.612909403290878,1452100.0,0,5.510171897922946,48815.857142857145,1318.1000000000001,39543.0,267.6333333333333,12043.5,53892.76666666666,130.97782665969595,64.01877142857144,22.09795485714286,86.1167262857143,0.10161693604916208,8.750941577527248,0.1866500000000011,0.09815800000000019,0.28480799999999906,667.0,1.064,0.2638571428571429,2.2528571428571427,381.3771428571428,13506.0,22827.0,283.04280657905866,271.72109431589627,130.97782665969595,135.59738319288988,1805.700570730665,75.0,102.10843349047062,75.13549630907202,280.4873426899206,724.679288822248,-26797.964690708952,12393.726517528281,3.180237578694849,0.3210420268736335,11808.075843283485,44.14332645134503,61.59246117278567,0.062109573713934996
2022-06-26,Niña,0.6225757575757576,18.0,353.71999999999997,476.14285714285717,48526.42857142857,392.3169020985072,338.57142857142856,123.69428571428571,2.612909403290878,1452100.0,0,38.59690209850719,48526.42857142857,1318.1000000000001,39543.0,267.6333333333333,12043.5,53892.76666666666,129.87295946595836,64.13295714285714,22.172642857142854,86.30560000000001,0.10188327197260456,8.793103358454431,0.08520000000000127,0.06529999999999969,0.15050000000000185,667.0,1.064,0.222,-5.405714285714287,366.2357142857143,13252.0,23489.0,284.33776112719084,272.96425068210317,129.87295946595836,134.47041865527754,1826.2942420394622,75.0,101.59882632070943,74.32094281959803,254.7016080737155,660.1066515749,-28698.043613185324,13337.485187907541,3.7173459835090044,0.31499457136489006,11487.275240714473,54.46668736900163,41.839641870766684,0.13405164907242487
2022-07-03,Niña,2.979481915933529,18.0,320.3742857142857,460.0,47326.857142857145,378.71746711096756,324.2857142857143,124.97142857142856,2.612909403290878,1452100.0,0,58.34318139668185,47326.857142857145,1179.1032258064517,35373.096774193546,216.32043010752687,9734.41935483871,47920.350537634404,129.9140574648127,64.22972857142858,22.2593,86.48902857142858,0.10222031844151143,8.840951609121618,0.10139999999999905,0.09520000000000017,0.196600000000001,678.5714285714286,1.0370000000000001,0.2327142857142857,-2.4757142857142855,330.2757142857143,12100.0,23943.714285714286,287.32770524912513,275.83459703916014,129.9140574648127,134.51233861410893,1806.7056916253302,75.0,101.67379497794879,75.33562141478455,231.33136684814892,595.0406211204621,-12361.08112137864,4827.550706970547,3.3811167748485578,0.32076720981167917,11175.157952953085,52.45578349703625,57.55941457531305,-0.07532736349939592
2022-07-10,Niña,6.122023460410557,18.0,308.63,438.7142857142857,45571.857142857145,360.255327990541,312.14285714285717,126.5,2.612909403290878,1452100.0,0,51.62532799054102,45571.857142857145,993.7741935483871,29813.225806451614,147.90322580645162,6655.645161290322,39957.12903225806,129.0267243399596,64.35647142857144,22.39941428571429,86.75588571428571,0.102511855638957,8.89352237437655,0.15409999999999968,0.17680000000000007,0.33089999999999975,694.0,1.001,0.26057142857142856,-0.6414285714285715,307.44428571428574,13343.0,25468.714285714286,289.721003045047,278.1321629232451,129.0267243399596,133.6072588267588,1777.0661276248215,75.0,101.23797483053565,75.64950103331687,224.36271673480587,578.2755413708852,-15683.918940792093,17157.8748947021,3.0042645125731644,0.3198932694560846,12193.172771297832,52.07349743037029,53.829329380383356,0.023413399893084125
2022-07-17,Niña,6.122023460410557,18.0,294.1385714285715,426.7142857142857,44782.57142857143,350.609915765358,310.7142857142857,127.73,2.612909403290878,1452100.0,0,56.47134433678654,44782.57142857143,993.7741935483871,29813.225806451614,147.90322580645162,6655.645161290322,39957.12903225806,130.54172238857447,64.57951428571428,22.4633,87.04281428571429,0.2436187075049128,21.214662700798538,0.2333999999999996,0.0,0.2333999999999996,694.0,1.001,0.2564285714285714,-2.665714285714286,284.63,12847.0,22594.85714285714,294.46650937604534,282.6878490010035,130.54172238857447,135.15255683634595,1800.0811229522521,75.0,101.9935602674583,75.10442943329711,208.91572059636414,545.4929572793236,-24704.606282603254,7792.867199154903,3.348281628822653,0.318307696712495,12119.598308839482,50.86615997553184,41.23266430690104,0.06477898955775334
2022-07-24,Niña,6.122023460410557,18.0,290.15,417.85714285714283,44347.142857142855,346.9521009908727,307.14285714285717,127.82142857142857,2.612909403290878,1452100.0,0,56.8021009908727,44347.142857142855,993.7741935483871,29813.225806451614,147.90322580645162,6655.645161290322,39957.12903225806,129.8532568238436,64.70827142857142,22.520657142857143,87.22892857142857,0.1591909004538448,13.879323537290086,0.08690000000000264,0.08029999999999982,0.16720000000000024,694.0,1.001,0.24485714285714286,1.9314285714285717,283.45571428571424,14377.0,23017.571428571428,293.8021342362147,282.05004886676613,129.8532568238436,134.45032196032045,1777.1196650693237,75.0,100.47509882564859,73.83327216019997,209.61082348563986,541.8376365656387,-33530.9513586851,7073.561414682287,3.5523100875511266,0.3135854694301193,11932.902248175682,51.1149973728908,47.78582355578816,-0.08947064040921908
2022-07-31,Niña,6.122023460410557,18.0,294.17571428571426,410.0,43997.142857142855,340.6854458771726,300.0,129.14285714285714,2.612909403290878,1452100.0,0,46.50973159145826,43997.142857142855,993.7741935483871,29813.225806451614,147.90322580645162,6655.645161290322,39957.12903225806,129.45333664778505,64.81388571428572,22.6081,87.42198571428573,0.10285260808239795,8.991579110783913,0.11309999999999931,0.09030000000000005,0.20340000000000202,694.0,1.001,0.2365714285714286,1.0414285714285716,280.12142857142857,14135.0,24694.14285714286,296.32156028012054,284.4686978689157,129.45333664778505,134.04240338074075,1777.059968309865,75.0,101.49044163238464,75.06205742074303,209.77141108466094,548.852276736057,-20130.558784297144,8933.478909039102,3.344479147387934,0.32862383870500783,11674.033902814486,49.6362641279017,53.493651737627424,0.10512562089555466
2022-08-07,Niña,1.7869501466275657,18.0,286.4,410.0,44521.28571428572,340.7857180771963,293.57142857142856,130.64285714285714,2.612909403290878,1452100.0,0,54.3857180771963,44521.28571428572,1082.516129032258,32475.48387096774,92.58064516129033,4166.129032258064,21922.645161290326,129.65826610815049,64.88298571428571,22.68782857142857,87.57081428571429,0.10297923798980839,9.017980351034252,0.05149999999999988,0.0754999999999999,0.126999999999998,690.0,893.0,0.273,4.728571428571429,278.8285714285715,14481.0,27836.85714285714,300.0317072783017,288.0304389871696,129.65826610815049,134.25143143031352,1777.095373699691,75.0,101.53615629094415,75.38499928814473,203.46483523098678,532.1476070440224,-14838.109845409794,11374.24408471277,3.4678595458297665,0.3172332017668004,11103.580550316192,54.998192533058884,51.462511945357456,-0.07527820818452624
2022-08-14,Niña,1.7869501466275657,18.0,293.4171428571429,410.0,45083.0,340.5263883605611,299.2857142857143,132.39285714285714,2.612909403290878,1452100.0,0,47.109245503418215,45083.0,1082.516129032258,32475.48387096774,92.58064516129033,4166.129032258064,21922.645161290326,130.35365746227302,64.94641428571428,22.778614285714287,87.72502857142857,0.10328842849293378,9.060992520211235,0.06819999999999915,0.09690000000000021,0.1651000000000007,690.0,893.0,0.3252857142857143,7.632857142857143,266.63714285714286,26201.0,44249.0,304.96638910685766,292.7677335425833,130.35365746227302,134.96073061151847,1802.8101666977461,75.0,100.55520752582338,75.33891313602831,209.0220022061841,559.416290603194,-30550.70057839867,14887.925370111301,3.3855600057678252,0.32704293891347813,12211.9703665464,55.70817893348161,56.16854989322315,0.0007181563527838909
2022-08-21,Niña,1.7869501466275657,18.0,276.9457142857143,408.85714285714283,45444.57142857143,339.3205054593647,294.2857142857143,133.92857142857142,2.612909403290878,1452100.0,0,62.37479117365043,45444.57142857143,1082.516129032258,32475.48387096774,92.58064516129033,4166.129032258064,21922.645161290326,129.42904567337774,65.00832857142858,22.864514285714286,87.87284285714286,0.10371318826435502,9.113585636455499,0.05939999999999923,0.08150000000000013,0.14089999999999758,690.0,893.0,0.3192857142857143,-3.6128571428571425,262.4014285714286,24076.0,45151.0,307.2737580761414,294.98280775309576,129.42904567337774,134.0176265868453,1787.0809366189558,75.0,101.65350320815672,78.82253616453671,198.15744446310592,517.075077130111,-23889.3506881524,14470.96838560926,3.4206940231434544,0.3197297032541474,10999.416851040134,57.96692528251837,42.669564361197025,-0.06425989452743938
2022-08-28,Niña,1.7869501466275657,18.0,284.8885714285714,404.85714285714283,45526.71428571428,334.50039044540614,295.0,136.10714285714286,2.612909403290878,1452100.0,0,49.61181901683476,45526.71428571428,1082.516129032258,32475.48387096774,92.58064516129033,4166.129032258064,21922.645161290326,129.39640512977394,65.06372857142857,22.963157142857142,88.02688571428573,0.10405106739602511,9.15930094366358,0.05379999999999985,0.1054999999999997,0.1592999999999991,690.0,893.0,0.3489999999999999,-3.142857142857143,252.96857142857144,24445.0,46219.42857142857,312.2243078997813,299.73533558379,129.39640512977394,133.98433323236944,1808.6241396516052,75.0,100.43810035288286,78.34607081529006,203.60293857507745,524.0763459857077,-14533.45463590353,9986.618984068324,3.516417131657601,0.31671432976000446,11376.535123725209,55.58970831929038,46.32578725949294,0.10163717009986357
2022-09-04,Niña,5.8360175953079185,18.0,294.17571428571426,400.0,45448.42857142857,331.740354535975,300.0,137.0,2.612909403290878,1452100.0,0,37.56464025026071,45448.42857142857,588.6021505376344,17658.06451612903,83.41075268817204,3753.483870967742,14108.752688172044,111.02116935773459,65.10245714285715,23.0483,88.15075714285715,0.1042160078814098,9.18672254699842,0.03270000000000106,0.07699999999999996,0.1097000000000028,744.2857142857143,827.2857142857143,0.35842857142857143,-7.561428571428571,266.44142857142856,24427.0,45520.142857142855,289.0990020200964,277.5350419392925,111.02116935773459,115.24159274488927,1826.3734744434626,75.0,100.51839581298123,76.50981210260886,212.5925394378341,546.627541428111,-22718.992793340985,7900.993162571815,3.2962599691500203,0.3262014388386629,11787.626232493803,53.31613763231025,48.732976911510605,-0.0014053870170277086
2022-09-11,Niña,8.872818181818182,18.0,303.97999999999996,400.0,46163.857142857145,331.9450864968076,295.7142857142857,139.07142857142858,2.612909403290878,1452100.0,0,27.96508649680765,46163.857142857145,218.16666666666669,6545.0,76.53333333333333,3444.0,8248.333333333332,95.41120416399042,65.15458571428572,23.126728571428572,88.28131428571429,0.10442800759990305,9.219048883117953,0.059899999999998954,0.07900000000000018,0.13889999999999958,785.0,778.0,0.27185714285714285,-34.75428571428571,320.4128571428572,23954.0,45875.42857142857,271.76439769452776,260.8938217867466,95.41120416399042,99.31942824727024,1808.229108930666,75.0,101.6501298494995,76.79806350164968,219.01199734761727,568.9087403950956,-20354.4128573889,15946.838142220799,3.2830468218090885,0.3181672009883143,11415.624272758518,50.727143143656086,51.978063389238024,-0.023079076676401012
2022-09-18,Niña,8.872818181818182,18.0,312.9571428571429,400.0,46846.0,332.3249724212273,298.57142857142856,140.96428571428572,2.612909403290878,1452100.0,0,19.367829564084413,46846.0,218.16666666666669,6545.0,76.53333333333333,3444.0,8248.333333333332,94.91630694557355,65.19941428571428,23.213942857142857,88.41335714285715,0.10474628985247711,9.260980239735588,0.03879999999999928,0.09049999999999958,0.12929999999999797,785.0,778.0,0.27685714285714286,-37.887142857142855,323.70142857142855,24956.0,45054.0,274.76239321208493,263.7718974836015,94.91630694557355,98.81463308448504,1809.8075480530554,75.0,101.09699625937378,76.95299825670891,227.55579591908858,577.1811514513278,-20866.917167606152,12654.571705188431,3.458663784876825,0.309470579400679,12110.406614536796,41.82346391377293,64.7776523795475,0.07643434817237764
2022-09-25,Niña,8.872818181818182,18.0,324.4114285714286,403.2857142857143,47902.28571428572,335.31610200598374,300.0,142.85714285714286,2.612909403290878,1452100.0,0,10.904673434555141,47902.28571428572,218.16666666666669,6545.0,76.53333333333333,3444.0,8248.333333333332,95.33219339912054,65.22792857142856,23.286014285714288,88.51394285714287,0.10495118161063699,9.289645597977145,0.024400000000000865,0.0647000000000002,0.08909999999999929,785.0,778.0,0.2835714285714286,-40.381428571428565,330.67857142857144,24807.0,46636.0,279.0466953357318,267.88482752230254,95.33219339912054,99.23883726710294,1789.2563423121308,75.0,100.61016346068092,74.26148431188906,235.1991237097098,598.9718538998635,-24342.808041757566,9646.51652030018,3.358191388560204,0.31669150966728454,11745.28501614532,55.233617008833384,53.94168371624138,0.024477157391466026
2022-10-02,Niña,10.179486803519062,18.0,330.35857142857145,409.2857142857143,49282.857142857145,339.9584629640954,300.0,144.96428571428572,2.612909403290878,1452100.0,0,9.59989153552399,49282.857142857145,216.86559139784947,6505.967741935484,87.44086021505376,3934.8387096774195,9501.989247311827,94.51378093048685,65.25604285714284,23.349857142857143,88.6059,0.10507545339053068,9.310307290169474,0.02960000000000118,0.06350000000000033,0.0931000000000024,764.4285714285714,742.2857142857143,0.3412857142857143,-34.455714285714286,349.93,29427.0,51252.57142857143,281.9785137466849,270.6993731968175,94.51378093048685,98.40405654909658,1806.3526794809272,75.0,101.77045353312792,72.02581779440601,240.76884401468533,629.2595146616221,-31544.94840370698,11836.740653106554,3.413335597415051,0.31134466456046933,11570.294498710575,54.32918073044879,51.5392181814541,0.022649698401062908
2022-10-09,Niña,13.44615835777126,18.0,327.18,418.7142857142857,51136.71428571428,347.69674584834837,312.85714285714283,147.07142857142858,2.612909403290878,1452100.0,0,20.516745848348346,51136.71428571428,213.61290322580646,6408.387096774193,114.70967741935483,5161.935483870968,12636.129032258064,94.6857897817326,65.27517857142857,23.414357142857142,88.68953571428573,0.10517148195475008,9.327611349731212,0.014950000000000685,0.06489999999999974,0.0798500000000022,713.0,653.0,0.41328571428571426,-36.55571428571428,350.00857142857143,52287.0,85011.28571428571,286.3264873659442,274.87342787130643,94.6857897817326,98.57950557736724,1805.0162761257402,75.0,100.97241893761715,75.13713682658434,235.19482717782256,599.751087700184,-29858.572184707682,14291.734862919184,3.4369242173057444,0.32315186599185786,10714.221481275115,53.36214012689578,57.15201063435314,-0.08322879602729105
2022-10-16,Niña,13.44615835777126,18.0,321.97285714285715,424.7142857142857,52623.42857142857,353.3399568334804,317.85714285714283,148.92857142857142,2.612909403290878,1452100.0,0,31.36709969062328,52623.42857142857,213.61290322580646,6408.387096774193,114.70967741935483,5161.935483870968,12636.129032258064,95.21379941905522,65.30980714285714,23.49582857142857,88.80563571428571,0.10547472418057469,9.36676030269763,0.042500000000000426,0.08810000000000033,0.13059999999999938,713.0,653.0,0.4065714285714286,-40.14714285714286,345.64428571428573,53042.0,84797.42857142857,290.7344132560147,279.1050367257741,95.21379941905522,99.11807540743634,1784.9259543579988,75.0,102.34392751426101,73.25533005916262,232.82907986952137,585.2998156638771,-15298.733402717293,15864.628738155121,3.422222621453874,0.3240545207508078,11257.965001826751,45.16239854699544,56.12341342266792,-0.0632159501194812
2022-10-23,Niña,13.44615835777126,18.0,312.4957142857143,425.7142857142857,53564.57142857143,354.1396946158983,320.0,151.25,2.612909403290878,1452100.0,0,41.643980330183986,53564.57142857143,213.61290322580646,6408.387096774193,114.70967741935483,5161.935483870968,12636.129032258064,96.1042629635751,65.35516428571428,23.60675857142857,88.96192285714287,0.10566738251360097,9.400377409916427,0.04649999999999732,0.12006199999999968,0.1665619999999981,713.0,653.0,0.43057142857142855,-39.16142857142857,340.79857142857145,52567.0,85595.42857142857,296.606673401734,284.7424064656646,96.1042629635751,100.02634822284661,1803.4459431638286,75.0,101.51826257019296,82.00520724272644,226.58665893983587,579.1416933839613,-15018.769761529244,10848.501510696473,3.3831533069362947,0.318060904252586,11399.2355911741,55.974434569994386,39.704666563790866,0.0010353916438185426
2022-10-30,Niña,13.44615835777126,18.0,306.5642857142857,422.0,53851.142857142855,350.9870862568697,328.57142857142856,153.42857142857142,2.612909403290878,1452100.0,0,44.422800542584014,53851.142857142855,213.61290322580646,6408.387096774193,114.70967741935483,5161.935483870968,12636.129032258064,95.46883419659446,65.36469285714286,23.743419142857142,89.108112,0.1056963292390619,9.418400199834155,-0.005259999999997156,0.14329999999999965,0.13804000000000283,713.0,653.0,0.44642857142857145,-38.902857142857144,329.9571428571429,53350.0,85261.71428571429,299.9056363132219,287.9094108606931,95.46883419659446,99.37821088052635,1806.4746659134914,75.0,101.73857651881482,74.84543443852054,224.1596739525522,566.4890421766307,-21616.870657009928,9566.326882426856,3.721080436666168,0.31956284944759866,11904.824466136657,51.123748666779825,55.69434458723943,0.10393771309088749
2022-11-06,Niña,16.52742521994135,18.0,315.7142857142857,415.57142857142856,53742.142857142855,344.98840857911057,340.0,155.78571428571428,2.612909403290878,1452100.0,0,29.274122864824854,53742.142857142855,123.51612903225806,3705.483870967742,34.58709677419355,1556.4193548387098,8405.161290322581,94.69325538041781,65.37555428571429,23.91810342857143,89.29365771428571,0.10582395925924924,9.449415940401348,0.017309999999998382,0.1872380000000004,0.2045479999999964,663.2857142857143,651.2857142857143,0.44485714285714284,-37.888571428571424,328.9757142857143,51610.0,86683.57142857143,303.30671291800894,291.17444440128855,94.69325538041781,98.58712048802617,1791.9072901155523,75.0,101.37411096256596,70.8396549270421,226.35775332509252,579.1775859974125,-20308.82201541025,22052.500093206072,3.3596287149257873,0.31932720398712267,11552.355215201907,47.54635780658172,56.45590572090714,-0.04771952438023681
2022-11-13,Niña,17.040969696969697,18.0,300.5042857142857,412.42857142857144,54166.28571428572,341.5822372213841,325.7142857142857,158.57142857142858,2.612909403290878,1452100.0,0,41.07795150709838,54166.28571428572,108.5,3255.0,21.233333333333334,955.5,7700.0,95.08454901428445,65.37914285714285,24.078028571428572,89.45717142857143,0.10590562928414295,9.474019296403496,-0.0019000000000000128,0.14899999999999974,0.14710000000000178,655.0,651.0,0.4161428571428571,-39.49142857142857,332.3457142857143,51941.0,84594.14285714286,309.34391701662486,296.9701603359599,95.08454901428445,98.98623999457016,1811.821519958235,75.0,100.72021602085191,78.10101559137466,213.13784452225326,555.0480062176018,-17542.83693283986,15839.633629874812,3.331156347782419,0.3147087450530073,11469.669390970088,48.8152461861934,55.89984423720176,-0.11545070882471373
2022-11-20,Niña,17.040969696969697,18.0,298.19571428571425,418.14285714285717,55779.857142857145,346.7693971183726,320.0,160.85714285714286,2.612909403290878,1452100.0,0,48.57368283265834,55779.857142857145,108.5,3255.0,21.233333333333334,955.5,7700.0,95.74206565017394,65.38481428571428,24.21345714285714,89.59827142857144,0.10581911961326933,9.481206297107553,0.008699999999999264,0.13000000000000067,0.13869999999999916,655.0,651.0,0.3934285714285714,-40.43714285714286,316.53999999999996,53704.0,84429.42857142857,314.8693110337487,302.27453859239876,95.74206565017394,99.65690696317743,1842.861507540489,75.0,101.32517009738207,75.51706420724736,214.774849378624,546.696019628722,-13402.950744045835,10229.251618729611,3.3945952061747895,0.3181438781790395,11274.44869043157,52.468335093212765,51.27506397157436,-0.047538130028845646
2022-11-27,Niña,17.040969696969697,18.0,289.1385714285714,414.85714285714283,56094.71428571428,343.92176875921103,320.0,163.10714285714286,2.612909403290878,1452100.0,0,54.783197330639645,56094.71428571428,108.5,3255.0,21.233333333333334,955.5,7700.0,94.73438665303304,65.41237142857143,24.363242857142858,89.77561428571428,0.10573274386875231,9.492219443750612,0.0351000000000008,0.15769999999999962,0.19280000000000186,655.0,651.0,0.3925714285714286,-37.92,318.08142857142855,53308.0,85152.71428571429,317.62173944200185,304.91686986432177,94.73438665303304,98.6290743860937,1810.4241395943159,75.0,101.77700265900248,75.0986568174692,204.20933864043113,524.6709125579966,-26219.67073865515,17756.69301877084,3.651448159864517,0.3190147539148568,11240.525046277839,53.277170203835354,48.97771092047827,0.15985837556383836
2022-12-04,Niña,10.20215835777126,18.0,275.9242857142857,408.42857142857144,56071.0,337.42700487722044,320.0,166.17857142857142,2.612909403290878,1452100.0,0,61.502719162934746,56071.0,821.983870967742,24659.516129032258,135.80967741935484,6111.435483870968,20925.032258064515,94.36274111155754,65.4224,24.4083,89.83070000000001,0.10571395728678148,9.496358782841682,0.0,0.0,0.0,620.1428571428571,661.8571428571429,0.37385714285714283,-38.37714285714286,306.9085714285714,46020.0,75611.0,322.9939742108847,310.0742152424494,94.36274111155754,98.2499959337887,1790.1266800355752,75.0,100.8161796656285,75.02404299841648,199.282151173797,508.81314599123596,-27497.46471150914,8803.640928944245,3.416056409038746,0.3136305139302816,11174.476025472852,53.5746651846404,47.837727334662944,-0.18251819857615567
2022-12-11,Niña,5.073049853372434,18.0,265.3985714285714,396.57142857142856,55098.0,328.03395150906863,312.85714285714283,167.96428571428572,2.612909403290878,1452100.0,0,62.63538008049719,55098.0,1357.0967741935483,40712.903225806454,221.74193548387095,9978.387096774193,30843.8064516129,95.0124569365589,65.5029,24.637442857142855,90.14034285714285,0.10555600650766066,9.514835053899121,0.11269999999999936,0.32080000000000003,0.43349999999999866,594.0,670.0,0.37214285714285716,-37.082857142857144,297.45142857142855,15175.0,17493.0,327.5515451620408,314.44948335555915,95.0124569365589,98.91270607529007,1771.1913605792174,75.0,101.32618137883618,72.52002099682048,189.88346164450908,488.1290154490407,-24208.980651949874,13722.255166395704,3.4212417123880132,0.31675443548315935,11508.871092715446,49.11606269713126,52.556057784924455,-0.04324471659872231
2022-12-18,Niña,5.073049853372434,18.0,273.3671428571428,400.14285714285717,56434.28571428572,330.72014104607734,322.14285714285717,170.64285714285714,2.612909403290878,1452100.0,0,57.352998188934464,56434.28571428572,1357.0967741935483,40712.903225806454,221.74193548387095,9978.387096774193,30843.8064516129,95.20006911523205,65.53838571428571,24.742528571428572,90.28091428571429,0.10550835898027364,9.525391217372215,0.0045999999999999375,0.018799999999999706,0.023399999999998755,594.0,670.0,0.2927142857142857,-42.082857142857144,278.65000000000003,16188.0,17728.0,333.0931104971205,319.76938607723565,95.20006911523205,99.1040704975367,1831.4060311352912,75.0,101.82398844782942,74.32402175931749,197.89075334678137,507.27532113340357,-17745.124240973844,15105.28686651173,3.8405734456041563,0.31279640439532547,11594.5779216185,52.38318212584644,45.58188485233642,0.06291030615048368
2022-12-25,Niña,5.073049853372434,18.0,281.20142857142855,389.2857142857143,55474.71428571428,321.8620347633492,321.57142857142856,172.35714285714286,2.612909403290878,1452100.0,0,40.66060619192066,55474.71428571428,1357.0967741935483,40712.903225806454,221.74193548387095,9978.387096774193,30843.8064516129,94.51757965790782,65.56691428571428,24.92425714285714,90.49117142857142,0.105409896348291,9.538656477124713,0.03810000000000091,0.24690000000000012,0.28500000000000014,594.0,670.0,0.26485714285714285,-37.81285714285714,293.4971428571429,16865.0,18106.428571428572,335.2628214465995,321.8523085887355,94.51757965790782,98.40793125106597,1801.794860016102,75.0,101.92081399029617,75.91817980800546,197.0163517585504,525.3192410284089,-22152.120103653575,8197.265568307483,3.2119908912868325,0.3210927219082859,12141.936736336173,51.109148928946404,40.84295235207685,-0.007039168513369042
2023-01-01,Niña,7.2616715542521995,18.0,287.9742857142857,382.2857142857143,55141.57142857143,315.0987003271075,315.0,175.0,2.612909403290878,1452100.0,0,27.12441461282182,55141.57142857143,1271.2903225806451,38138.709677419356,208.51612903225805,9383.225806451614,30926.129032258064,96.25865734936565,65.60172857142857,25.071157142857142,90.67288571428571,0.1049977325431477,9.520432549084436,0.03349999999999831,0.10690000000000055,0.14039999999999875,581.4285714285714,671.8571428571429,0.19185714285714286,-40.94571428571429,294.0,14460.0,16767.285714285714,343.45427710344194,329.7161060193042,96.25865734936565,100.18383049635295,1904.693636454848,80.0,102.61437731770606,73.75815898309826,207.9184961662946,527.2123412623744,-20387.368197223896,11023.472636662018,3.5011719261461134,0.3264301353267363,11916.040513350776,55.69068880321184,55.35540192552355,-0.07385975948851493
2023-01-08,Niña,20.39340175953079,18.0,277.6942857142857,375.85714285714283,54893.0,309.0725183084054,302.14285714285717,177.60714285714286,2.612909403290878,1452100.0,0,31.37823259411966,54893.0,756.4516129032259,22693.548387096773,129.16129032258067,5812.25806451613,31420.064516129034,105.62653242712021,65.63208571428571,25.180057142857144,90.81214285714285,0.10453017923007442,9.492596901208733,0.029100000000003234,0.10969999999999991,0.13880000000000514,506.0,683.0,0.261,5.432857142857143,324.23999999999995,14433.0,17537.285714285714,365.2073127787281,350.599020267579,105.62653242712021,109.7390630756626,2275.435488380958,110.0,100.74034128315914,71.59207823668436,198.42002452761776,525.2936915270985,-21361.48657527425,10969.614830076402,3.4425930222607604,0.31633410047414223,12136.334399614743,44.096283435420844,50.36068552802164,0.03212316507158741
2023-01-15,Niña,20.39340175953079,18.0,272.2514285714286,370.57142857142856,54710.57142857143,304.4929806374165,291.42857142857144,179.67857142857142,2.612909403290878,1452100.0,0,32.2415520659879,54710.57142857143,756.4516129032259,22693.548387096773,129.16129032258067,5812.25806451613,31420.064516129034,105.74537787592853,65.65318571428571,25.293757142857146,90.94694285714286,0.10415386506375486,9.472466155589123,0.01789999999999825,0.11530000000000018,0.13319999999999776,506.0,683.0,0.24971428571428572,0.9142857142857143,311.5314285714286,15101.0,18879.0,369.6809469001449,354.8937090241391,105.74537787592853,109.8602854334471,2277.4251226213282,110.0,100.93592886160609,75.53804453131713,193.9474832700685,505.7330117291944,-23545.11603103639,12803.813648548201,3.389598497873019,0.3225677858952353,11432.49615069759,45.28343564346385,39.76196813509016,-0.03418785738010956
2023-01-22,Niña,20.39340175953079,18.0,272.80285714285714,376.14285714285717,56184.71428571428,309.67801581159983,288.7142857142857,181.42857142857142,2.612909403290878,1452100.0,0,36.87515866874269,56184.71428571428,756.4516129032259,22693.548387096773,129.16129032258067,5812.25806451613,31420.064516129034,105.045424957519,65.66994285714286,25.403414285714288,91.07335714285715,0.1037455197737588,9.448441855880322,0.016299999999998427,0.1073999999999995,0.1236999999999977,506.0,683.0,0.25185714285714284,1.9842857142857142,308.2885714285714,15255.0,20152.85714285714,372.01105083847193,357.1306088049331,105.045424957519,109.14633345666938,2322.013655479558,110.0,101.95157749775662,77.05884690484588,196.94912718752386,501.9541537614397,-14589.277534476656,13003.624669259294,3.478121562192223,0.31870223828395133,11211.165977772444,46.195151702082384,55.590212166547346,0.1237190069014384
2023-01-29,Niña,20.39340175953079,18.0,272.86571428571426,376.57142857142856,56970.0,309.77237464754796,285.57142857142856,183.90714285714284,2.612909403290878,1452100.0,0,36.906660361833694,56970.0,756.4516129032259,22693.548387096773,129.16129032258067,5812.25806451613,31420.064516129034,105.18733664286071,65.7051,25.497814285714288,91.20291428571429,0.10351197853128025,9.440589961254087,0.04269999999999996,0.08920000000000039,0.13189999999999902,506.0,683.0,0.24014285714285716,-2.7985714285714285,305.85714285714283,15887.0,18556.0,377.35482630958137,362.2606332571981,105.18733664286071,109.29108337571793,2302.2159374870253,110.0,100.89581695593643,74.95174778536077,197.62175834982935,505.6345613249188,-22013.29036237183,11519.200400783082,3.8417414340319085,0.3318849457969115,12074.164196064183,54.535741667267864,46.773012691457026,0.025008781040338452
2023-02-05,Niña,18.43577712609971,18.0,278.45714285714286,375.0,57431.42857142857,308.0075250921123,285.0,186.46428571428572,2.612909403290878,1452100.0,0,29.55038223496944,57431.42857142857,424.70046082949307,12741.013824884792,81.36751152073732,3661.53801843318,8977.161290322581,105.16029959200932,65.73322857142857,25.585371428571428,91.31859999999999,0.10328876435742282,9.432179764986824,0.022300000000003095,0.08689999999999953,0.10920000000000307,436.0,680.8571428571429,0.24685714285714286,0.3985714285714286,308.0128571428572,12836.0,17956.285714285714,382.54433020811257,367.24255699978806,105.16029959200932,109.26350558384952,2275.228387457592,110.0,101.57325334665401,75.47148083423704,203.08432986954094,511.6504020862864,-18851.843858883116,12239.793271875174,3.43551755918756,0.31865396104752763,11686.152019040741,49.29834724435868,50.52265899083185,-0.1421190494918239
2023-02-12,Niña,17.652727272727272,18.0,282.40714285714284,366.2857142857143,56761.857142857145,300.9000237907835,284.2857142857143,188.64285714285714,2.612909403290878,1452100.0,0,18.492880933640645,56761.857142857145,292.0,8760.0,62.25,2801.25,0.0,105.77559681522749,65.77095714285714,25.690315714285713,91.46127285714286,0.10304388558569015,9.424517213498675,0.04389999999999894,0.11216199999999987,0.15606200000000214,408.0,680.0,0.24485714285714286,2.141428571428571,315.16571428571433,2870.0,10062.57142857143,388.1806262823201,372.65340123102726,105.77559681522749,109.89110875153206,2291.7496486543223,110.0,102.03053315706242,73.61375911437719,203.387525818307,511.80870175637426,-23292.08589446296,15066.40391907252,3.3169014206015555,0.32758801928626735,11011.58496922282,56.47360404030348,45.21180095091523,0.07186845514878779
2023-02-19,Niña,17.652727272727272,18.0,284.14142857142855,362.57142857142856,56971.71428571428,298.89674888735817,285.0,190.60714285714286,2.612909403290878,1452100.0,0,14.755320315929582,56971.71428571428,292.0,8760.0,62.25,2801.25,0.0,105.44075370643397,65.78985,25.78367485714286,91.57352485714286,0.10284141916184507,9.417547649123962,0.008890000000000065,0.08583799999999986,0.09472799999999637,408.0,680.0,0.24014285714285716,0.2285714285714285,315.7728571428571,5189.0,10164.285714285714,391.58539893525403,375.92198297784387,105.44075370643397,109.54956878056264,2302.3888111066535,110.0,101.45726508493173,75.53755433805622,206.76126227071225,525.5681250720185,-19901.56094782527,17045.83973795095,3.3366324002602283,0.3234715705415669,11967.851511921172,49.38272373181142,48.34122258977778,-0.10303250142353855
2023-02-26,Niña,17.652727272727272,18.0,269.31,358.85714285714283,57000.57142857143,295.18995712506063,285.0,193.10714285714286,2.612909403290878,1452100.0,0,25.879957125060653,57000.57142857143,292.0,8760.0,62.25,2801.25,0.0,105.16120904585037,65.80718285714286,25.844842857142858,91.65202571428571,0.10276481999276499,9.418603444652637,0.020710000000000228,0.05130000000000057,0.07201000000000324,408.0,680.0,0.24814285714285716,3.5828571428571427,320.02714285714285,3737.0,9701.714285714286,396.16679609726845,380.3201242533777,105.16120904585037,109.2644332267674,2289.795574569173,110.0,101.17742886922888,74.02907726676175,193.7904799703793,516.7262128689465,-25390.497229344535,11534.913181152288,3.404654186778249,0.32121230883633783,11619.917765714576,49.65410596476247,44.84405439833796,0.10950050894230778
2023-03-05,Niña,25.39818181818182,18.0,255.79428571428573,355.57142857142856,57311.0,291.3365759266527,280.0,196.71428571428572,2.612909403290878,1452100.0,0,35.54229021236698,57311.0,647.6221198156683,19428.663594470047,111.17281105990783,5002.776497695852,27609.67741935484,104.61249589134312,65.8326,25.93475857142857,91.76735857142856,0.10251501067335256,9.407522628390021,0.027300000000001212,0.10536199999999973,0.13266199999999895,386.57142857142856,670.0,0.21957142857142856,-7.844285714285715,295.7242857142857,2630.0,8608.857142857143,402.51023695546536,386.4098274772468,104.61249589134312,108.70474580916998,2249.183089739985,110.0,100.44325498746069,73.4041835137897,181.84447662405637,464.6241986595911,-23327.317385247123,15517.349990670644,3.521195999483802,0.3135279974890867,11957.608288056126,47.06660382210801,43.0061766436403,0.08554419026015878
2023-03-12,Neutral,28.49636363636364,18.0,246.47428571428574,350.85714285714283,57222.57142857143,287.9647318291281,280.0,198.71428571428572,2.612909403290878,1452100.0,0,41.490446114842335,57222.57142857143,789.8709677419355,23696.129032258064,130.74193548387095,5883.387096774193,38653.54838709677,104.64640157973064,65.85511428571428,26.037620571428572,91.89273485714286,0.10216527082802922,9.388237272389768,0.0205999999999964,0.10186199999999968,0.12246199999999696,378.0,666.0,0.22242857142857142,-3.2857142857142856,287.58285714285716,4711.0,8554.285714285714,406.6624565082144,390.39595824788586,104.64640157973064,108.73932961132526,2310.3882154562234,110.0,101.29423734677123,75.2496304694039,176.89302857356805,454.0608946699355,-16449.27289420152,12669.610480947113,3.4045590872277947,0.31581628424138447,11533.05422622585,51.45588789003589,48.25846826123547,-0.043633797859588194
2023-03-19,Neutral,28.49636363636364,18.0,256.79,353.57142857142856,58375.28571428572,289.9077618774091,280.0,201.35714285714286,2.612909403290878,1452100.0,0,33.1177618774091,58375.28571428572,789.8709677419355,23696.129032258064,130.74193548387095,5883.387096774193,38653.54838709677,105.57254155325947,65.88385714285714,26.13699257142857,92.02084971428573,0.10156101266218655,9.345711952118895,0.03200000000000269,0.09837600000000002,0.1303760000000036,378.0,666.0,0.21757142857142855,-5.224285714285714,280.00857142857143,4117.0,7103.142857142857,413.9388261308959,397.38127308566,105.57254155325947,109.68399238432467,2292.8399273671985,110.0,101.7685240711237,72.80658725657811,184.24255242625077,474.6134923235881,-17528.309452975867,10340.839216806993,3.349078888464421,0.3231017355372046,11753.31494545241,56.21027290138578,55.30840659813689,-0.06801730134723169
2023-03-26,Neutral,28.49636363636364,18.0,246.47857142857143,343.0,56691.857142857145,277.7190763512812,269.7142857142857,204.14285714285714,2.612909403290878,1452100.0,0,31.240504922709768,56691.857142857145,789.8709677419355,23696.129032258064,130.74193548387095,5883.387096774193,38653.54838709677,104.51489579513343,65.90407142857143,26.231314285714287,92.1353857142857,0.10109155725599014,9.314101325324103,0.015499999999997627,0.09270000000000023,0.10819999999999652,378.0,666.0,0.20914285714285713,-9.031428571428572,283.6542857142857,4982.0,8507.42857142857,417.50013800709496,400.80013248681115,104.51489579513343,108.60519371103611,2323.9612868704085,110.0,101.61912945598279,74.12429361474462,176.60652480094606,448.6463632648876,-9112.195908729398,14434.012599084574,3.4166826489139206,0.3188391634034363,11240.17859725091,52.52654597618861,53.55574332208665,0.07428035800374912
2023-04-02,Neutral,22.995636363636365,18.0,255.71428571428572,345.85714285714283,58640.71428571428,283.28534947541806,270.2857142857143,207.0,2.612909403290878,1452100.0,0,27.57106376113232,58640.71428571428,653.0602150537635,19591.8064516129,104.38709677419354,4697.41935483871,31809.67741935484,105.07066813501824,65.9592142857143,26.313014285714285,92.27222857142856,0.10079142570969568,9.300241301759785,0.07100000000000062,0.07730000000000015,0.14830000000000254,376.85714285714283,652.5714285714286,0.20971428571428571,-8.241428571428571,271.3485714285714,3116.0,9451.285714285714,424.4989041523458,407.51894798625193,105.07066813501824,109.17208149771861,2267.782860833594,110.0,101.89063894559149,75.106690921831,183.9596990499712,469.2002858341166,-18841.265295921567,13007.721113591879,3.416867438554264,0.32541486127138375,11661.739154982124,49.74800680617183,49.85974766657314,0.162324432622685
2023-04-09,Neutral,9.243818181818181,18.0,251.70142857142855,346.2857142857143,59444.42857142857,282.97450900813226,275.0,210.07142857142858,2.612909403290878,1452100.0,0,31.27308043670369,59444.42857142857,311.0333333333333,9331.0,38.5,1732.5,14700.0,104.96884796715048,65.99492857142857,26.408528571428572,92.40345714285715,0.10058145172627532,9.294069141996752,0.021600000000002062,0.10279999999999978,0.12440000000000317,374.0,619.0,0.2107142857142857,-4.372857142857144,228.24571428571429,4731.0,8435.285714285714,430.5771635914765,413.35407704781744,104.96884796715048,109.06822492649349,2288.1177095469184,110.0,101.421586716947,74.6055172946129,178.5234405069244,469.40550336411724,-17845.766959734225,13414.425614435084,3.5077598707128375,0.31600040209459174,12219.086949997058,46.30596020975953,44.16953212574816,-0.017845918628154576
2023-04-16,Neutral,9.243818181818181,18.0,249.1542857142857,351.0,61274.71428571428,287.9624604411043,275.0,212.78571428571428,2.612909403290878,1452100.0,0,38.80817472681859,61274.71428571428,311.0333333333333,9331.0,38.5,1732.5,14700.0,104.09929517281523,66.01381428571429,28.41811428571429,94.43192857142857,0.09837521382873804,9.28804477815422,0.01780000000000026,2.7722999999999995,2.790099999999999,374.0,619.0,0.2282857142857143,3.6814285714285715,229.66428571428574,4165.0,8280.857142857143,434.29411252974893,416.92234802855893,104.09929517281523,108.18128107627153,2264.614065384685,110.0,101.44615153674852,73.95235743980619,178.83129174525382,458.07833126969433,-18667.292932128585,16568.83396961973,3.3896694014612376,0.3114431031420476,11128.29064171352,53.527694897724835,52.16216637714554,-0.0024829139645772508
2023-04-23,Neutral,9.243818181818181,18.0,248.21285714285713,342.2857142857143,60602.57142857143,280.39950729365626,279.2142857142857,216.14285714285714,2.612909403290878,1452100.0,0,32.186650150799096,60602.57142857143,311.0333333333333,9331.0,38.5,1732.5,14700.0,105.94233634064301,66.05618571428572,27.3587,93.4148857142857,0.09932611817597639,9.277222931491476,0.05219999999999825,-2.592099999999999,-2.539900000000003,374.0,619.0,0.2337142857142857,6.432857142857143,227.5285714285714,4927.0,7445.285714285715,445.13582081126333,427.3303879788127,105.94233634064301,110.06118306745587,2295.988855467366,110.0,101.61356407741997,72.90077567561788,179.7245614902602,455.3391989505966,-19067.051084157687,6327.022537737747,3.3982532648701387,0.32598601622001155,10987.871670629162,53.7737585952987,58.54165420035541,0.016415368967304382
2023-04-30,Neutral,9.243818181818181,18.0,230.09857142857143,340.2857142857143,61358.28571428572,278.9823225364451,277.14285714285717,219.92857142857142,2.612909403290878,1452100.0,0,48.883751107873685,61358.28571428572,311.0333333333333,9331.0,38.5,1732.5,14700.0,105.2448284292287,66.27602857142857,26.698742857142857,92.97477142857143,0.10079603521363903,9.371573442010574,0.051899999999999835,0.11189999999999989,0.1637999999999984,374.0,619.0,0.21771428571428572,-0.8885714285714287,221.97428571428574,5033.0,7272.428571428572,451.3912209635461,433.33557212500426,105.2448284292287,109.34972499781328,2283.3098366470563,110.0,101.55359257500062,76.43266171951875,165.16617802207483,422.09648316078705,-8122.12021000402,12213.44748336169,3.3843355155727664,0.3140929782987817,10926.996482151031,49.80292347404292,48.68483071350379,-0.039672925372863786
2023-05-07,Niño,5.407859237536657,18.0,231.70000000000002,350.2857142857143,64233.0,286.2669932173605,280.2857142857143,224.35714285714286,2.612909403290878,1452100.0,0,54.56699321736047,64233.0,428.35483870967744,12850.645161290322,37.483870967741936,1686.774193548387,12837.096774193547,104.91844700918178,66.38850000000001,26.79842857142857,93.18692857142857,0.10092810318920212,9.405173442010573,0.04270000000000029,0.09440000000000014,0.13710000000000044,366.0,564.0,0.20199999999999999,-7.91857142857143,202.66428571428574,4096.0,10221.42857142857,459.747839763167,441.3579261726403,104.91844700918178,109.0168159493654,2275.3732165295987,110.0,102.08077146861612,74.2197757747219,168.97056405155996,431.9205423428147,-25183.583800296616,14303.823443144554,3.176946499947183,0.3169963771491681,11484.082063233864,46.882138067732676,46.707641125905454,0.013298467310235543
2023-05-14,Niño,5.407859237536657,18.0,230.3085714285714,359.0,66895.0,293.3888467216344,291.5,228.0,2.612909403290878,1452100.0,0,63.08027529306299,66895.0,428.35483870967744,12850.645161290322,37.483870967741936,1686.774193548387,12837.096774193547,104.17077857872161,66.44812857142857,26.88554285714286,93.33367142857142,0.10069197997295219,9.397944870582,0.06639999999999979,0.08420000000000005,0.15059999999999985,366.0,564.0,0.1985714285714286,-6.538571428571429,211.1042857142857,13851.0,25046.571428571428,465.5026769796754,446.88256990048836,104.17077857872161,108.25419415029604,2265.9830098191605,110.0,101.37621188031528,74.8088329139786,166.13814962956343,431.77381778677176,-21315.046704769335,14396.103526882467,3.486963552651957,0.32094591325062577,11590.571374549321,51.42835609680724,53.81023278954497,0.06857331164834965
2023-05-21,Niño,5.407859237536657,18.0,228.89000000000001,374.42857142857144,70897.85714285714,306.52987010572735,295.85714285714283,231.28571428571428,2.612909403290878,1452100.0,0,77.63987010572735,70897.85714285714,428.35483870967744,12850.645161290322,37.483870967741936,1686.774193548387,12837.096774193547,104.10449736540004,66.5271,26.98102857142857,93.50812857142857,0.10050792656814937,9.398302013439146,0.08400000000000046,0.09999999999999964,0.1840000000000001,366.0,564.0,0.24571428571428572,15.52,224.57571428571427,12308.0,25851.571428571428,472.06087982121363,453.17844462836507,104.10449736540004,108.18658731270806,2318.570844617402,110.0,101.80989624280666,76.53235791671179,162.0447385322765,419.56907997415914,-21100.97957704929,15308.572065577577,3.4877414214218723,0.3233634037564919,12081.127754732306,49.49801333857772,54.291709113974356,0.0010681504260850777
2023-05-28,Niño,5.407859237536657,18.0,224.1885714285714,376.57142857142856,72385.71428571429,308.49520911808486,295.0,234.64285714285714,2.612909403290878,1452100.0,0,84.30663768951347,72385.71428571429,428.35483870967744,12850.645161290322,37.483870967741936,1686.774193548387,12837.096774193547,106.00291733584895,66.62417142857143,27.093314285714285,93.71748571428573,0.10033463761411725,9.403102013439144,0.10229999999999989,0.11720000000000008,0.21949999999999997,366.0,564.0,0.22042857142857142,3.6799999999999997,217.44428571428574,12067.0,25837.0,483.36964064205864,464.03485501637624,106.00291733584895,110.12297568256595,2309.8157089817787,110.0,101.03094396208634,73.02288383424623,161.3634139519858,416.6717134405449,-27935.0953165724,16580.315332257156,3.242531352461756,0.3194490895057362,11223.867763962031,55.553221091187105,58.30634539995203,0.0031956732525560416
2023-06-04,Niño,4.510017595307918,18.0,224.0885714285714,378.14285714285717,74084.0,311.3715492759773,295.42857142857144,237.92857142857142,2.6629358752199,1324500.0,0,87.28297784740585,74084.0,444.247311827957,13327.41935483871,24.331182795698926,1094.9032258064517,12234.946236559139,105.40933729293657,66.69547142857142,27.192514285714285,93.88798571428572,0.1000410784032977,9.392644870582002,0.05890000000000012,0.09200000000000008,0.15090000000000153,351.7142857142857,525.7142857142857,0.2325714285714286,5.664285714285714,211.52571428571426,12672.0,25426.285714285714,488.72891229014965,469.1797557985437,105.40933729293657,109.51752403879532,2296.729442448976,110.0,101.54722761670111,73.69915914108674,156.562452440327,406.8349777764524,-24740.897815331078,13016.454076640008,3.3702672658593977,0.31680616985355675,11771.806268944247,50.16726319105221,47.05210478273516,-0.07257792839672038
2023-06-11,Niño,3.8366363636363636,18.0,230.20285714285714,368.57142857142856,73384.14285714286,304.6903478161873,296.85714285714283,240.85714285714286,2.700455729166667,1228800.0,0,74.48749067333019,73384.14285714286,456.1666666666667,13685.0,14.466666666666669,651.0,11783.333333333332,105.41499177960485,66.80251428571428,27.290014285714285,94.09252857142857,0.09983632029884469,9.393844870582003,0.12629999999999936,0.09969999999999991,0.22599999999999926,341.0,497.0,0.2877142857142857,8.778571428571428,214.16,12046.0,22927.428571428572,494.7602900378482,474.9698784363342,105.41499177960485,109.52329161519694,2314.9063947825002,110.0,100.72692894210233,74.8691615238729,166.1522513651126,428.5987928060017,-22962.422527229442,13480.148184507667,3.4660439200227224,0.31713379532125474,11969.690966597549,47.758954058550536,62.495284115649675,-0.08833815242127417
2023-06-18,Niño,3.8366363636363636,18.0,242.81428571428572,355.2857142857143,71876.0,293.8960076429457,281.42857142857144,244.57142857142858,2.700455729166667,1228800.0,0,51.081721928659945,71876.0,456.1666666666667,13685.0,14.466666666666669,651.0,11783.333333333332,105.30778198390365,66.9231,27.401357142857144,94.32445714285714,0.09980173317883391,9.413744870582002,0.11830000000000007,0.1160000000000001,0.23429999999999973,341.0,497.0,0.267,2.221428571428571,217.58999999999997,13506.0,22827.0,502.124165705389,482.03919907717346,105.30778198390365,109.41393762358175,2322.8502849604,110.0,101.88405358570785,76.41163603510513,172.7954101683724,444.7995182851594,-17416.841739860098,13392.741495626376,3.262801074661801,0.31554993074255994,11536.777504071388,48.44839236609139,48.01252558299636,0.08303440988646074
2023-06-25,Niño,3.8366363636363636,18.0,265.0457142857143,356.0,73015.14285714286,292.6518064999117,278.85714285714283,249.5,2.700455729166667,1228800.0,0,27.60609221419741,73015.14285714286,456.1666666666667,13685.0,14.466666666666669,651.0,11783.333333333332,104.69819105863573,67.03804285714287,27.478428571428573,94.51647142857144,0.09975242795372741,9.428244870582002,0.11360000000000026,0.06150000000000011,0.1751000000000008,341.0,497.0,0.22514285714285714,-5.341428571428572,224.93142857142857,13252.0,23489.0,510.72589939836763,490.29686342243286,104.69819105863573,108.79215487980844,2283.432987228554,110.0,102.32017061190875,76.35383167482473,189.61001347107057,488.3175728084194,-10368.318178393369,14031.439470865003,3.2980536232127666,0.3252698265452786,11717.818437351527,54.79807422834983,40.009695958513184,-0.021135708705277312
2023-07-02,Niño,4.146847507331378,18.0,242.8685714285714,342.85714285714283,71357.57142857143,281.03812034239314,273.0,253.92857142857142,2.700455729166667,1228800.0,0,38.1695489138217,71357.57142857143,538.8655913978495,16165.967741935485,19.107526881720432,859.8387096774193,15145.698924731183,105.04012898131853,67.18350000000001,27.576071428571428,94.75957142857143,0.09957049352572492,9.435244870582002,0.15820000000000034,0.1120999999999997,0.27029999999999954,360.42857142857144,495.85714285714283,0.2305714285714286,-2.501428571428572,250.34,12100.0,23943.714285714286,520.6517276500066,499.82565854400633,105.04012898131853,109.14093156094494,2286.0324193910737,110.0,100.71837344029825,75.29231124200666,172.94629284718442,454.8531950365773,-19801.312184939103,12036.007842734922,3.567601550774563,0.32729675576576517,11022.963971007985,48.49047138120817,51.388996681825525,-0.042059587618071284
2023-07-09,Niño,4.922375366568915,18.0,235.40142857142857,339.14285714285717,71692.28571428571,276.95393567164984,277.2857142857143,258.85714285714283,2.700455729166667,1228800.0,0,41.55250710022129,71692.28571428571,745.6129032258065,22368.387096774193,30.709677419354836,1381.9354838709676,23551.612903225807,104.74577763270065,67.3034142857143,27.709957142857146,95.01337142857143,0.09929056703961084,9.433916299153433,0.10459999999999992,0.14260000000000028,0.24720000000000064,409.0,493.0,0.2582857142857143,-0.6385714285714287,229.64714285714285,13343.0,25468.714285714286,529.9952116852043,508.795403217796,104.74577763270065,108.84069318535468,2287.3737497212833,110.0,101.71503809618221,76.29597179497809,168.911840240057,445.26434634907935,-30196.62665559754,15469.676403251142,3.2809415088184823,0.323640825811283,13022.234888774776,45.63320498401902,57.03875806110859,-0.0824500100498278
2023-07-16,Niño,4.922375366568915,18.0,234.06428571428572,335.0,71910.28571428571,273.3528664958153,274.42857142857144,263.07142857142856,2.700455729166667,1228800.0,0,39.28858078152961,71910.28571428571,745.6129032258065,22368.387096774193,30.709677419354836,1381.9354838709676,23551.612903225807,104.35844037231826,67.40329999999999,27.822914285714287,95.22621428571429,0.09913423000927088,9.440173442010574,0.09799999999999964,0.10109999999999975,0.1990999999999994,409.0,493.0,0.25871428571428573,-2.652857142857143,219.32857142857142,12847.0,22594.85714285714,537.6101417943655,516.105736122591,104.35844037231826,108.44560917976466,2287.4898909929893,110.0,102.01897663397496,76.85037984559155,167.4152022915577,425.43328319180364,-16766.15192530466,12597.996375864255,3.518606283949814,0.3205480536122628,11146.196117971607,47.707533176650976,43.11303729019028,-0.035350535475753904
2023-07-23,Niño,4.922375366568915,18.0,249.02285714285716,338.2857142857143,73834.71428571429,276.23805212616196,271.42857142857144,267.2857142857143,2.700455729166667,1228800.0,0,27.215194983304787,73834.71428571429,745.6129032258065,22368.387096774193,30.709677419354836,1381.9354838709676,23551.612903225807,105.09444027090827,67.5098,27.910014285714286,95.4198142857143,0.09877723811524287,9.425287727724859,0.10990000000000022,0.0815,0.1913999999999989,409.0,493.0,0.24814285714285716,1.9057142857142857,221.46571428571428,14377.0,23017.571428571428,548.1870581303832,526.2595758051679,105.09444027090827,109.19632907632642,2336.101782531073,110.0,102.76478181078369,76.07105484899166,177.97247397625196,471.6807525172017,-23338.386624661336,14782.91149912152,3.3582829710716657,0.31076805861221596,10987.190361972656,49.371440222697366,41.1283756749895,-0.007890852158776348
2023-07-30,Niño,4.922375366568915,18.0,265.78000000000003,330.85714285714283,73284.14285714286,270.14295789968185,271.0,271.2857142857143,2.700455729166667,1228800.0,0,4.362957899681841,73284.14285714286,745.6129032258065,22368.387096774193,30.709677419354836,1381.9354838709676,23551.612903225807,105.45774514990215,67.67577142857144,27.9853,95.66107142857143,0.09854817047020459,9.42721629915343,0.1884,0.07279999999999998,0.2612000000000009,409.0,493.0,0.23514285714285715,1.0514285714285714,235.00142857142856,14135.0,24694.14285714286,557.378209869314,535.0830814745415,105.45774514990215,109.56690005290021,2281.611838476004,110.0,102.5066896968796,76.23760174005936,189.6138425416464,496.98638421574526,-17649.79914595294,14791.22988833588,3.173832304422786,0.30910911809436786,11531.340679728975,48.801503796397185,45.532993068675374,-0.1363846666453365
2023-08-06,Niño,6.217565982404691,18.0,235.3742857142857,330.14285714285717,74489.42857142857,269.54469099283943,267.85714285714283,276.35714285714283,2.700455729166667,1228800.0,0,34.17040527855368,74489.42857142857,365.09677419354836,10952.903225806453,14.064516129032256,632.9032258064516,7622.58064516129,139.18378281976166,67.94288571428571,28.060599999999997,96.00348571428572,0.09869845822542785,9.475416299153432,0.2986,0.07630000000000028,0.37490000000000034,421.85714285714283,537.5714285714286,0.269,4.808571428571428,250.9385714285714,14481.0,27836.85714285714,661.1504631103479,634.704444585934,139.18378281976166,143.9674584761569,2295.497968751461,110.0,102.3099447286305,71.27695004458141,167.17022736896797,442.69589549383335,-22822.874280632117,17381.48719864085,3.4267429243155036,0.31926548422013656,11283.16615736549,48.7686466187328,46.24739944660431,-0.0260324541232634
2023-08-13,Niño,6.4334310850439875,18.0,234.47142857142856,327.0,75873.14285714286,267.88709904777903,270.0,283.2142857142857,2.700455729166667,1228800.0,0,33.41567047635048,75873.14285714286,301.67741935483866,9050.322580645163,11.29032258064516,508.06451612903226,4967.74193548387,144.60998905131035,68.14755714285715,28.162185714285716,96.30974285714285,0.09944749492609446,9.57781629915343,0.16709999999999992,0.11169999999999991,0.2787999999999997,424.0,545.0,0.3212857142857143,7.7457142857142856,217.47714285714284,26201.0,44249.0,692.7607226594166,665.05029375304,144.60998905131035,149.50218883233654,2284.8902839783323,110.0,101.66600702213914,75.91355129046374,169.45218976518495,429.84512763702486,-24993.488913315938,12369.834024346506,3.3461596673133704,0.3147581691118013,11490.719351741891,46.53825820534593,49.58033530201558,-0.07044245156357139
2023-08-20,Niño,6.4334310850439875,18.0,222.64857142857142,325.85714285714283,92196.85714285714,265.3146968139774,259.2857142857143,347.5,2.700455729166667,1228800.0,0,42.66612538540596,92196.85714285714,301.67741935483866,9050.322580645163,11.29032258064516,508.06451612903226,4967.74193548387,144.9932095788007,68.24937142857144,28.2331,96.48247142857143,0.0999707096042183,9.645430584867714,0.07569999999999988,0.054599999999999996,0.13029999999999986,424.0,545.0,0.3152857142857143,-3.661428571428572,205.87142857142857,24076.0,45151.0,851.3514032863324,817.2973471548792,144.9932095788007,149.8930737703767,2278.228598831104,110.0,101.17501096611836,76.2052267231307,157.80397969573855,403.00565639897195,-8697.72075213929,12100.538620370546,3.707970594795689,0.3174284658065435,11597.4897870321,55.58871657240179,49.08359005328406,-0.14970923897636038
2023-08-27,Niño,6.4334310850439875,18.0,220.27285714285716,313.0,88563.28571428571,254.85837615621787,251.42857142857142,347.5,2.700455729166667,1228800.0,0,34.58551901336073,88563.28571428571,301.67741935483866,9050.322580645163,11.29032258064516,508.06451612903226,4967.74193548387,144.49092196034573,68.4185,28.31034285714286,96.72884285714285,0.10103508831385609,9.773087727724858,0.20649999999999968,0.08629999999999984,0.2928000000000004,424.0,545.0,0.34500000000000003,-3.182857142857143,193.35142857142858,24445.0,46219.42857142857,849.6059538122014,815.6217156597132,144.49092196034573,149.38074039955265,2292.8859394271412,110.0,101.41448644438057,75.1112679317106,158.70710140777118,404.99380706630666,-12176.320377956848,11063.59805506105,3.520014292205326,0.32743182004836274,11722.415680916269,55.75503484812242,42.84170360453362,-0.05188240463504371
2023-09-03,Niño,6.368700879765395,18.0,210.49142857142857,311.7142857142857,88237.42857142857,253.92065775950667,250.71428571428572,347.5,2.700455729166667,1228800.0,0,43.42922918807811,88237.42857142857,439.0870967741936,13172.612903225807,16.351612903225806,735.8225806451612,18399.309677419355,144.80533433370866,68.55264285714286,28.410642857142857,96.96328571428572,0.10165867407544,9.857173442010573,0.10520000000000018,0.1059000000000001,0.2110999999999994,434.2857142857143,554.0,0.37699999999999995,-2.162857142857143,191.7428571428571,24427.0,45520.142857142855,850.6985368096375,816.670595337252,144.80533433370866,149.70144102038284,2284.864207251939,110.0,101.81413089156577,74.14703574883454,152.9446443656556,391.8251403961594,-20379.31837889286,10008.790422313468,3.0500021214942286,0.32569508381671397,12090.688310186335,44.91751771946019,54.72109879008461,0.04451586261659252
2023-09-10,Niño,6.282393939393939,18.0,209.66428571428574,314.7142857142857,88950.57142857143,255.97286742034944,250.0,347.5,2.700455729166667,1228800.0,0,46.30858170606372,88950.57142857143,622.3000000000001,18669.0,23.099999999999998,1039.5,36308.066666666666,146.15727975578855,68.63377142857144,28.520971428571432,97.15474285714286,0.10145659137477092,9.856973442010574,0.07150000000000012,0.11210000000000038,0.18360000000000065,448.0,566.0,0.4272857142857143,3.2728571428571427,189.76,23954.0,45875.42857142857,855.3965471513653,821.1806852653107,146.15727975578855,151.08042535090433,2291.370726909405,110.0,101.55061241872441,77.21385083027697,153.2354049163714,379.0544969770088,-19984.676403177207,13200.94196109857,3.4483049371106285,0.3250830881240332,11938.032848400451,50.303022293662096,46.24551058152616,0.06624477964737543
2023-09-17,Niño,6.282393939393939,18.0,213.40714285714287,316.85714285714283,89699.14285714286,258.1270298047276,250.0,347.5,2.700455729166667,1228800.0,0,44.71988694758478,89699.14285714286,622.3000000000001,18669.0,23.099999999999998,1039.5,36308.066666666666,145.66020428920987,68.69684285714285,28.639357142857143,97.33619999999999,0.1011689015273044,9.84738772772486,0.05969999999999964,0.1209000000000001,0.18060000000000054,448.0,566.0,0.44242857142857145,0.11714285714285712,185.58285714285714,24956.0,45054.0,853.6692099050043,819.5224415088043,145.66020428920987,150.5734083749941,2287.978788584475,110.0,101.64095120030265,71.12477013901241,155.04869947332895,405.2626184830095,-17655.37692457715,12545.919542204161,3.603244774066044,0.3159268571975479,11731.775262362222,51.92183655703734,49.24902091325452,-0.010009976986818863
2023-09-24,Niño,6.282393939393939,18.0,214.0742857142857,318.57142857142856,90272.14285714286,259.77595066803696,250.0,347.5,2.700455729166667,1228800.0,0,45.70166495375127,90272.14285714286,622.3000000000001,18669.0,23.099999999999998,1039.5,36308.066666666666,145.23657729754777,68.7654,28.756471428571427,97.52187142857143,0.10116161707328707,9.865473442010574,0.0721000000000005,0.11559999999999977,0.1876999999999993,448.0,566.0,0.46,-2.402857142857143,182.6657142857143,24807.0,46636.0,852.1971061089786,818.1092218646193,145.23657729754777,150.14130884349873,2297.269391818069,110.0,100.99152404941132,75.2736573183207,154.84169873113723,398.5905303387682,-25447.78887203425,10134.134073268497,3.264973173142306,0.32700893978686146,11531.17465620337,52.82711269246423,44.246009255091685,0.10895630662145375
2023-10-01,Niño,6.265730205278593,18.0,207.90571428571428,304.7142857142857,86152.28571428571,247.92024665981504,250.0,347.5,2.700455729166667,1228800.0,0,40.014532374100725,86152.28571428571,561.8838709677419,16856.516129032258,21.67096774193548,975.1935483870968,31992.167741935486,144.42413197407092,68.88392857142857,28.865714285714287,97.74964285714285,0.10115379252414007,9.887744870582,0.13710000000000022,0.10669999999999975,0.24380000000000002,449.7142857142857,567.2857142857143,0.5344285714285715,3.5728571428571425,193.93428571428572,29427.0,51252.57142857143,849.3738586098965,815.3989042655006,144.42413197407092,149.31261461355237,2284.40164654078,110.0,101.44200818779377,76.1945370527341,149.95435863538063,388.62182904726416,-26781.610053126995,11341.286654063895,3.731573094002658,0.32711190649201416,11328.494890299291,51.5731529920787,50.54661532633778,-0.01154857990154269
2023-10-08,Niño,6.165747800586511,18.0,210.29285714285714,300.57142857142856,84937.14285714286,244.4234326824255,250.0,347.5,2.700455729166667,1228800.0,0,34.13057553956835,84937.14285714286,199.38709677419354,5981.612903225807,13.096774193548386,589.3548387096773,6096.774193548387,144.76946886364496,68.99302857142858,28.957128571428573,97.95015714285715,0.10127419806039299,9.919830584867714,0.09789999999999943,0.08530000000000051,0.18319999999999914,460.0,575.0,0.6568571428571428,1.4585714285714284,188.54999999999998,52287.0,85011.28571428571,850.5739043011663,816.5509481291195,144.76946886364496,149.66485824091788,2298.1220802102257,110.0,101.16715469597284,73.11073218129141,148.34582972248202,386.2163255171596,-18590.906259374864,14070.955542896563,3.188989716610074,0.3156815401927888,11449.317719020819,48.49448430275591,40.36555090399803,-0.1516497307126065
2023-10-15,Niño,6.165747800586511,18.0,208.5614285714286,297.0,83809.42857142857,241.1782117163412,250.0,347.5,2.700455729166667,1228800.0,0,32.616783144912624,83809.42857142857,199.38709677419354,5981.612903225807,13.096774193548386,589.3548387096773,6096.774193548387,145.34601086946697,69.08771428571428,29.054642857142856,98.14235714285714,0.10139482183252192,9.951130584867716,0.0934000000000006,0.10239999999999916,0.19580000000000064,460.0,575.0,0.6611428571428571,-2.165714285714286,179.60285714285715,53042.0,84797.42857142857,852.5773877713976,818.4742922605418,145.34601086946697,150.2529310868563,2288.117366948315,110.0,101.67899479879172,77.100212146482,148.81655273377868,391.10135184665495,-16108.597368636998,12644.807219254779,3.717828521340644,0.3186029175980963,12160.193166877725,52.872472977752395,47.350018215457865,0.13643785398524608
2023-10-22,Niño,6.165747800586511,18.0,213.8642857142857,298.0,84158.71428571429,242.18335046248714,250.0,347.5,2.700455729166667,1228800.0,0,28.31906474820144,84158.71428571429,199.38709677419354,5981.612903225807,13.096774193548386,589.3548387096773,6096.774193548387,145.0373011390361,69.14668571428571,29.129828571428572,98.27651428571428,0.10150455357056397,9.97551629915343,0.045199999999999685,0.06430000000000083,0.10950000000000037,460.0,575.0,0.696,-1.17,181.23142857142855,52567.0,85595.42857142857,851.5046214581505,817.4444365998244,145.0373011390361,149.9380471618168,2300.038410067665,110.0,101.6444122349092,75.0578193306623,154.22005564429574,390.02665709151825,-4418.264566335041,11710.96724342158,3.639776935507033,0.31945997619744315,11520.179861071045,56.64229882070286,55.48226836936277,-0.04741987198103308
2023-10-29,Niño,6.165747800586511,18.0,212.11714285714285,313.0,106564.28571428571,306.65981500513874,210.0,347.5,2.700455729166667,1228800.0,0,94.54267214799587,106564.28571428571,199.38709677419354,5981.612903225807,13.096774193548386,589.3548387096773,6096.774193548387,144.63546918379743,69.22838571428572,29.196057142857143,98.42444285714285,0.10154288386108953,9.994302013439144,0.09629999999999961,0.06699999999999971,0.16329999999999933,460.0,575.0,0.7208571428571428,-0.9028571428571429,187.0957142857143,53350.0,85261.71428571429,850.1082554136962,816.1039251971482,144.63546918379743,149.5281785674734,2303.095724990421,110.0,101.35672514927599,74.3923977449911,150.40239928376403,394.3856013378318,-13785.051178416206,15375.93775531025,3.526813666648255,0.3222445701797562,11624.17104671773,49.358181221703084,48.08687489442128,0.006784616032403383
2023-11-05,Niño,10.30830889540567,18.0,208.23428571428573,301.2857142857143,85143.28571428571,245.01664953751285,207.14285714285714,347.5,2.700455729166667,1228800.0,0,36.78236382322712,85143.28571428571,100.96774193548387,3029.032258064516,3.7419354838709675,168.38709677419354,1741.9354838709678,145.119247200904,69.27318571428572,29.329414285714286,98.60260000000001,0.10133938773183969,9.99231629915343,0.02420000000000022,0.1599000000000001,0.1841000000000006,440.0,575.0,0.7204285714285714,0.11285714285714286,184.74857142857144,51610.0,86683.57142857143,851.7893840231412,817.7178086622156,145.119247200904,150.02163214492205,2294.7421246276654,110.0,101.42568069827242,73.27347372132996,147.2587134984456,377.51789377644735,-15808.376145990764,15257.578254994383,3.528506579597041,0.31021869325591933,11011.904106046912,42.76486711466347,49.00378562755197,-0.040725049188749265
2023-11-12,Niño,11.965333333333332,18.0,212.31714285714287,261.42857142857144,73296.85714285714,210.18339233846078,208.57142857142858,348.75,2.700455729166667,1228800.0,0,-2.1337505186820755,73296.85714285714,61.60000000000001,1848.0,0.0,0.0,0.0,145.0412381321074,69.49574285714286,29.5051,99.00084285714286,0.10094447493991583,9.993544870582001,0.3019000000000005,0.18199999999999947,0.4838999999999998,432.0,575.0,0.6815714285714287,-1.4814285714285715,165.42142857142858,51941.0,84594.14285714286,854.5818673454338,820.3985926516164,145.0412381321074,149.94206289474957,2300.721412624098,110.0,102.03311148432424,74.4012460158198,151.84028112587112,388.34845647643994,-15764.80767853055,13793.213995730051,3.378931780472782,0.3189904553611869,11434.765115020053,53.7172763598432,42.91700926953695,0.07085918848677705
2023-11-19,Niño,11.965333333333332,18.0,205.6242857142857,249.71428571428572,70302.28571428571,200.06995177576366,207.14285714285714,351.40714285714284,2.700455729166667,1228800.0,0,-5.554333938522076,70302.28571428571,61.60000000000001,1848.0,0.0,0.0,0.0,144.26205638626655,69.71928571428572,29.737099999999998,99.45638571428572,0.10118174153361492,10.063216299153428,0.19219999999999926,0.25200000000000033,0.4441999999999986,432.0,575.0,0.6478571428571429,-2.4285714285714284,167.54714285714286,53704.0,84429.42857142857,858.344757855005,824.0109675408048,144.26205638626655,149.14729751399187,2285.9745230258236,110.0,101.54365590859689,73.70400579954608,146.3110459915683,372.624371694573,-28983.662403618047,7899.403871642937,3.7410574891553905,0.3162636381143641,11843.429654956326,45.86463938518853,46.56106304879234,-0.02455745028493193
2023-11-26,Niño,11.965333333333332,18.0,202.80571428571426,244.14285714285714,69455.71428571429,195.33278097001647,131.595411830493,355.5857142857143,2.700455729166667,1228800.0,0,-7.472933315697832,69455.71428571429,61.60000000000001,1848.0,0.0,0.0,0.0,145.5001924932739,69.87527142857144,29.90667142857143,99.78194285714287,0.11980744167388004,11.956087727724858,0.14150000000000018,0.1365999999999996,0.2780999999999998,432.0,575.0,0.6361428571428572,0.08142857142857143,166.53857142857143,53308.0,85152.71428571429,872.9735254991083,838.054584479144,145.5001924932739,150.41019634313938,2307.6895256449093,110.0,100.94749473434352,72.10891167078239,149.6905885740879,368.41442450515734,-12057.49150740428,13042.138801583691,3.5351459077761596,0.32889533629708984,11537.542874354427,48.681577242916205,42.012373359474715,0.10994079108956191
2023-12-03,Niño,20.291321603128054,18.0,206.57285714285715,242.71428571428572,69753.28571428571,194.12001318933343,117.9777500432102,359.3285714285715,2.700455729166667,1228800.0,0,-12.452843953523699,69753.28571428571,177.36129032258066,5320.838709677419,30.193548387096776,1358.7096774193546,0.0,93.4825358938598,70.1422,30.09827142857143,100.24047142857144,0.10875275744680803,10.898630584867716,0.31709999999999994,0.2136,0.5307,417.42857142857144,575.8571428571429,0.6097142857142857,-0.3742857142857143,162.80857142857144,46020.0,75611.0,694.842593294543,667.0488895627612,93.4825358938598,97.352186611737,2280.799539270077,110.0,100.63169836758551,76.27375715827483,151.99588026857398,376.7784269417883,-15465.162274592416,13338.719457575859,3.4650975645696143,0.3172816684632465,11813.122733505657,53.28635266746413,40.487874128345425,-0.0028739934040932663
2023-12-10,Niño,31.39263929618769,18.0,227.6185714285714,247.57142857142858,74270.0,198.2496237354062,118.29012779667532,374.60714285714283,2.700455729166667,1228800.0,0,-29.368947693165236,74270.0,331.7096774193549,9951.290322580644,70.45161290322581,3170.322580645161,0.0,25.396788483270985,70.35008571428571,30.276371428571426,100.62645714285715,0.10132814284033073,10.19628772772486,0.16420000000000012,0.16390000000000038,0.3281000000000023,398.0,577.0,0.6085714285714285,0.8985714285714285,169.09142857142857,15175.0,17493.0,469.8663002373717,451.07164822787684,25.396788483270985,27.904724252936408,2291.2467363641854,110.0,101.6205760403042,75.10837786830021,160.8773083455767,430.48792255652177,-17086.954781528715,14335.494336905638,3.4550453300369783,0.3183057451893871,11729.18673111693,50.90614628060224,48.044947293451756,0.08990759128304034
2023-12-17,Niño,31.39263929618769,18.0,223.89000000000001,249.14285714285714,134571.14285714287,199.5899250247655,164.02364857249384,674.1642857142857,2.700455729166667,1228800.0,0,-24.300074975234498,134571.14285714287,331.7096774193549,9951.290322580644,70.45161290322581,3170.322580645161,0.0,25.251449901850318,70.59885714285714,30.4222,101.02105714285715,0.10306427787883353,10.411873442010572,0.2826000000000004,0.13860000000000017,0.42119999999999935,398.0,577.0,0.49714285714285716,-3.995714285714286,179.41,16188.0,17728.0,845.4294539487728,811.6122757908217,25.251449901850318,27.756478899887323,2268.7809609892365,110.0,101.16237140758828,74.12349146153323,162.52532105649425,418.04244284306964,-14702.592850839455,15735.85481635684,3.4192441363971375,0.32770080258358886,11222.4038219686,47.15336104799043,48.69386066111481,0.06421416104459786
2023-12-24,Niño,31.39263929618769,18.0,226.96428571428572,247.0,158408.42857142858,192.6013274026862,198.67479098128393,826.4142857142857,2.700455729166667,1228800.0,0,-34.36295831159952,158408.42857142858,331.7096774193549,9951.290322580644,70.45161290322581,3170.322580645161,0.0,25.801395254345458,71.10417142857143,30.56822857142857,101.67240000000001,0.1034762419016949,10.52061629915343,0.5943999999999998,0.1489999999999998,0.7434000000000003,398.0,577.0,0.4368571428571429,0.06714285714285724,182.23142857142855,16865.0,18106.428571428572,1039.8379281669372,998.2444110402596,25.801395254345458,28.317423159432366,2314.6836547814078,110.0,101.49254030869399,71.75606892976998,162.24895778573344,419.00692887033455,-23008.543299868994,16492.587018765345,3.371271463940378,0.3251103332821413,11266.398608637173,47.56382972768524,47.84135008782501,-0.011096856122657674
2023-12-31,Niño,31.39263929618769,18.0,230.49571428571429,246.0,158414.0,196.91759857977488,216.36766163168218,804.4714285714286,2.700455729166667,1228800.0,0,-33.57811570593942,158414.0,331.7096774193549,9951.290322580644,70.45161290322581,3170.322580645161,0.0,25.435398416996126,71.70078571428571,30.718799999999998,102.41958571428572,0.10307089348790162,10.55641629915343,0.5974999999999997,0.15119999999999978,0.7487000000000004,398.0,577.0,0.3152857142857143,-9.961428571428572,177.81714285714287,14857.0,16932.0,1009.0977689741484,968.7338582151824,25.435398416996126,27.944106385336053,2300.436838618,110.0,100.77393138364663,75.60580186513758,163.98512326843635,427.92789907071983,-18194.988785863236,12061.758700119093,3.3379123377032727,0.3105022781346091,11866.82913441517,54.42035434843412,56.17869801669612,0.08111481439438292
2024-01-07,Niño,4.653588709677419,18.0,225.53571428571428,243.71428571428572,157578.14285714287,194.9700375505954,201.58053679230898,808.2214285714286,2.700455729166667,1228800.0,0,-30.56567673511888,157578.14285714287,1341.516129032258,40245.48387096774,165.96774193548387,7468.548387096775,38025.8064516129,30.1157551336122,72.06892857142857,30.847214285714283,102.91614285714286,0.1026934843719423,10.568787727724859,0.27640000000000065,0.11929999999999996,0.3956999999999997,393.0,585.0,0.2712857142857143,-1.3128571428571427,189.31,16815.0,18525.571428571428,1051.6243830599542,1009.559407737556,30.1157551336122,32.71807023628445,1507.1723997679912,80.0,101.24785085304664,72.71277179836567,161.38604696187303,419.61868112735937,-18510.13430206975,13105.834503582137,3.321601622679163,0.3158395101592387,11230.155333392699,52.40633258739609,50.997166695263175,0.04953310283965854
2024-01-14,Niño,4.653588709677419,18.0,220.92714285714285,245.42857142857142,159544.57142857142,196.43128369212727,171.267826178831,812.2142857142857,2.700455729166667,1228800.0,0,-24.49585916501557,159544.57142857142,1341.516129032258,40245.48387096774,165.96774193548387,7468.548387096775,38025.8064516129,30.771002972135726,72.39425714285714,30.959442857142857,103.3537,0.10238516465099869,10.581859156296288,0.3449,0.10940000000000039,0.45429999999999904,393.0,585.0,0.24971428571428572,0.9142857142857143,184.12000000000003,15101.0,18879.0,1062.1518997372357,1019.6658237477461,30.771002972135726,33.38642303157845,1511.5693328047892,80.0,101.53218011152285,81.87458757867005,159.28738855094795,407.91599933537634,-24678.156712667515,4103.003604386967,3.5503541506480656,0.32203822109493385,11284.234648498941,54.66007085306516,44.142013725323864,0.04302242587872333
2024-01-21,Niño,4.653588709677419,18.0,216.57142857142858,245.85714285714286,160576.7142857143,196.78497216064747,159.5390016235871,816.0,2.700455729166667,1228800.0,0,-19.786456410781106,160576.7142857143,1341.516129032258,40245.48387096774,165.96774193548387,7468.548387096775,38025.8064516129,30.34927271551626,72.5360857142857,31.0482,103.58428571428571,0.10194571035122048,10.559959156296287,0.0605999999999991,0.08050000000000024,0.14110000000000067,393.0,585.0,0.25185714285714284,1.9842857142857142,182.08285714285716,15255.0,20152.85714285714,1063.6465164736146,1021.10065581467,30.34927271551626,32.956258169826576,1467.7851112580229,80.0,100.66883464592573,75.6957443617769,156.79027265964638,398.46335212032596,-21290.504516876677,9752.136701011623,3.3670987508141965,0.3171405683172663,11840.108291449387,48.80859753169757,45.05548664758135,0.03671567622800901
2024-01-28,Niño,4.653588709677419,18.0,221.34714285714287,244.71428571428572,160509.0,195.80430447422802,152.35085148294223,819.7428571428571,2.700455729166667,1228800.0,0,-25.542838382914855,160509.0,1341.516129032258,40245.48387096774,165.96774193548387,7468.548387096775,38025.8064516129,30.188086299278545,72.76625714285714,31.158985714285713,103.92524285714286,0.10146372974323128,10.544602013439144,0.29800000000000004,0.12289999999999934,0.4208999999999996,393.0,585.0,0.24014285714285716,-2.7985714285714285,174.32571428571427,15887.0,18556.0,1067.204960073179,1024.516761670252,30.188086299278545,32.79184802526413,1493.7216997998034,80.0,101.64854982511585,75.8357141333694,156.98294974793004,414.5798166068992,-16479.230038443133,12161.455677456399,3.364986516926365,0.3201130990042059,11805.009299858375,51.4447039385662,62.10668996729422,-0.013213012666484971
2024-02-04,Niño,11.032843437152392,18.0,220.20285714285714,244.0,160773.7142857143,195.211806081201,154.04935854600816,823.5857142857143,2.700455729166667,1228800.0,0,-24.99105106165618,160773.7142857143,1276.5906562847608,38297.71968854283,170.99110122358175,7694.59955506118,40084.36040044494,30.250300192985744,73.02947142857143,31.261957142857142,104.29142857142857,0.10108197312029568,10.541959156296286,0.24929999999999986,0.09500000000000064,0.3443000000000005,405.0,585.0,0.24685714285714286,0.3985714285714286,183.8414285714286,12836.0,17956.285714285714,1072.7282836315883,1029.8191522863247,30.250300192985744,32.85530619684546,1502.2165634940557,80.0,101.81968770092783,77.96624258367946,159.57134251847788,402.17137652502123,-10192.974630261471,15891.178072758756,3.5314397550354633,0.3263245513999288,12168.050509886118,52.41329409611042,51.83123811768837,0.1926095443968258
2024-02-11,Niño,15.817284482758623,18.0,218.68,239.0,158019.7142857143,190.9712082102035,154.86133102637618,827.4571428571428,2.700455729166667,1228800.0,0,-27.708791789796482,158019.7142857143,1227.896551724138,36836.89655172414,174.75862068965517,7864.137931034484,41628.275862068964,30.087993110070137,73.23462857142859,31.386528571428574,104.62115714285714,0.10100388172686124,10.567144870582,0.1875,0.1363999999999994,0.3238999999999992,414.0,585.0,0.24485714285714286,2.141428571428571,196.26857142857145,2870.0,10062.57142857143,1076.4202931358836,1033.3634814104485,30.087993110070137,32.68975297227154,1516.2043664435212,80.0,101.89448379736807,75.54819976331558,154.3919201199973,399.2446231670639,-21054.48933869213,8221.179872401675,3.7000108702049594,0.3074056158197465,10795.523075884488,49.38286327567695,54.86556060123566,-0.08747344293081408
2024-02-18,Niño,15.817284482758623,18.0,211.41,235.42857142857142,156106.42857142858,187.92109986358375,158.73434983166536,830.7142857142857,2.700455729166667,1228800.0,0,-23.48890013641626,156106.42857142858,1227.896551724138,36836.89655172414,174.75862068965517,7864.137931034484,41628.275862068964,29.061943758050663,73.33512857142857,31.46192857142857,104.79705714285714,0.10091945834842468,10.576059156296287,0.06570000000000054,0.0510000000000006,0.1166999999999998,414.0,585.0,0.24014285714285716,0.2285714285714285,192.36142857142858,5189.0,10164.285714285714,1072.1403985896568,1029.2547826460705,29.061943758050663,31.643182633211683,1480.713489695217,80.0,100.80737972048588,73.27463204444052,153.56574001763096,393.3034128661287,-20935.071309904102,16604.603816145103,3.385010552082164,0.3228588326393527,11951.664012437232,51.480327608083044,63.849400194122914,0.10356902280121459
2024-02-25,Niño,15.817284482758623,18.0,211.55571428571426,227.0,150954.2857142857,180.76165854093867,164.2879841253648,835.1142857142858,2.700455729166667,1228800.0,0,-30.794055744775612,150954.2857142857,1227.896551724138,36836.89655172414,174.75862068965517,7864.137931034484,41628.275862068964,29.68022940350661,73.47732857142857,31.566642857142856,105.04397142857144,0.10069106913368708,10.576973442010573,0.1728000000000005,0.12619999999999942,0.2990000000000004,414.0,585.0,0.24814285714285716,3.5828571428571427,187.6142857142857,3737.0,9701.714285714286,1082.9778970316568,1039.6587811503903,29.68022940350661,32.273833991576744,1518.9753821141453,80.0,102.0147989790845,73.87859955902336,150.8139443986393,388.4082653144451,-17741.652315432668,11186.631332551258,3.7001715221762277,0.3182021775413239,11268.314104802657,45.78343837362412,54.355844634332016,-0.09585717971294061
2024-03-03,Niño,14.551008759733039,18.0,209.53571428571428,220.71428571428572,147150.57142857142,166.34165319341142,184.58158831054172,884.6242857142857,2.700455729166667,1228800.0,0,-43.19406109230289,147150.57142857142,1156.3003337041157,34689.01001112347,161.79755283648498,7280.889877641825,52277.618464961066,29.177416240502257,73.61155714285714,31.67584285714286,105.2874,0.10032735044547206,10.563187727724857,0.11879999999999935,0.10240000000000005,0.22119999999999962,400.7142857142857,587.1428571428571,0.21957142857142856,-7.844285714285715,183.02857142857144,2630.0,8608.857142857143,1142.7434679624646,1097.0337292439658,29.177416240502257,31.7609645653123,1467.702520952652,80.0,100.39827986345755,74.6502359631015,153.34363125357353,393.719131967572,-19138.75881142752,12714.616111511441,3.5091234210063162,0.3196952665384908,11611.863347044911,51.43373357737384,41.93375609644861,-0.026491988367616452
2024-03-10,Niño,12.862641129032259,18.0,195.87285714285716,218.28571428571428,145635.42857142858,165.64460158454386,187.18709513972195,879.1928571428572,2.700455729166667,1228800.0,0,-30.22825555831327,145635.42857142858,1060.8387096774195,31825.161290322576,144.51612903225805,6503.225806451613,66476.74193548388,29.76085172513607,73.74892857142858,31.7756,105.52452857142858,0.10000006435927614,10.552444870582002,0.14480000000000004,0.09870000000000001,0.24350000000000094,383.0,590.0,0.22242857142857142,-3.2857142857142856,181.99285714285716,4711.0,8554.285714285714,1140.8463388628,1095.212485308288,29.76085172513607,32.356068759638795,1476.0231281847994,80.0,101.4480166414149,71.38824110080455,139.62841416890268,358.0386766084077,-26176.319622401883,15017.175116650173,3.5600295456512954,0.31783017704367955,11505.517655793636,43.014761940523314,38.87175515337193,-0.08324427991979533
2024-03-17,Niño,12.862641129032259,18.0,194.75714285714284,219.42857142857142,147587.2857142857,166.49626641680203,183.72449361132308,886.4342857142857,2.700455729166667,1228800.0,0,-28.26087644034083,147587.2857142857,1060.8387096774195,31825.161290322576,144.51612903225805,6503.225806451613,66476.74193548388,30.922951225195643,73.85358571428571,31.860085714285713,105.71367142857142,0.09956170341347621,10.52501629915343,0.08860000000000046,0.07879999999999976,0.16739999999999888,383.0,590.0,0.21757142857142855,-5.224285714285714,168.33571428571432,4117.0,7103.142857142857,1160.5421484142905,1114.1204624777188,30.922951225195643,33.54141024969956,1489.2568720035615,80.0,101.64047672542407,72.70471813406505,137.72216195576246,366.9538676946304,-21444.028014404783,9678.133340952007,3.1547505698489737,0.3115257776505055,11389.028910230281,48.12822846243711,50.442379025367146,0.07123740965449062
2024-03-24,Niño,12.862641129032259,18.0,202.16,222.85714285714286,149794.57142857142,167.17164737909525,183.18346215248806,896.0442857142856,2.700455729166667,1228800.0,0,-34.98835262090474,149794.57142857142,1060.8387096774195,31825.161290322576,144.51612903225805,6503.225806451613,66476.74193548388,29.739959661326573,73.95218571428572,31.936600000000002,105.88878571428572,0.09907704572265456,10.491130584867717,0.1025999999999998,0.07560000000000056,0.17820000000000213,383.0,590.0,0.20914285714285713,-9.031428571428572,165.37571428571428,4982.0,8507.42857142857,1162.5247535954381,1116.0237634516204,29.739959661326573,32.3347588545531,1496.2391518517986,80.0,102.04309593696408,76.37899772939137,146.36049099454473,372.575666870823,-13664.92328323815,14041.357626372961,3.2251709494607965,0.3256135166866378,10965.313959625973,49.95811040679455,54.807533046921165,-0.048604832592370716
2024-03-31,Niño,12.862641129032259,18.0,201.36285714285714,228.14285714285714,155290.2857142857,172.79984950692054,186.94234106197885,898.6728571428572,2.700455729166667,1228800.0,0,-28.563007635936604,155290.2857142857,1060.8387096774195,31825.161290322576,144.51612903225805,6503.225806451613,66476.74193548388,29.708764784638444,73.98257142857143,31.960628571428572,105.9432,0.09892229888260598,10.480144870582,0.0015000000000000568,0.0034000000000000696,0.004900000000001015,383.0,590.0,0.21114285714285713,-8.207142857142857,171.47571428571428,3116.0,9451.285714285714,1165.6591818629684,1119.0328145884494,29.708764784638444,32.30294008033121,1463.5050732611937,80.0,102.06057730057445,77.089975283751,144.0260294906266,368.5061186284902,-12388.009668002991,10684.14794860683,3.7123117764975495,0.32173802840808496,11554.222907424772,45.51796410753119,50.04909561112743,0.08760162176621411
2024-04-07,Niño,18.342770833333333,18.0,205.1914285714286,230.71428571428572,157781.57142857142,175.91946658670923,188.42686920956766,896.9185714285715,2.700455729166667,1228800.0,0,-29.271961984719322,157781.57142857142,645.8666666666667,19376.0,33.6,1512.0,20390.3,30.150061230476602,74.05914285714286,32.03017142857143,106.08931428571428,0.0972468886670378,10.316759156296287,0.10659999999999936,0.09599999999999964,0.20259999999999678,326.0,600.0,0.21928571428571428,-4.167142857142857,174.62285714285716,4731.0,8435.285714285714,1167.3761568266593,1120.6811105535928,30.150061230476602,32.753062455086145,1488.4466470110935,40.0,101.84491685950509,75.00474268780155,147.9593857422084,373.6490857599721,-15365.250988554475,15752.889931603815,3.48544755597926,0.32153392250420737,11370.135772964626,55.26721015330089,55.81266215983779,-0.10934074130198924
2024-04-14,Niño,18.342770833333333,18.0,204.8114285714286,238.57142857142858,164396.85714285713,183.1673242080731,191.79628606537017,897.5,2.700455729166667,1228800.0,0,-21.644104363355478,164396.85714285713,645.8666666666667,19376.0,33.6,1512.0,20390.3,29.308114160245598,74.19624285714285,32.130100000000006,106.32634285714286,0.09625041069211744,10.233930584867716,0.1493000000000002,0.10150000000000015,0.2507999999999999,326.0,600.0,0.2282857142857143,3.6814285714285715,182.77142857142857,4165.0,8280.857142857143,1160.551328365293,1114.1292752306815,29.308114160245598,31.894276443450515,1478.7975359561162,40.0,101.91701388882908,74.04784233320504,147.91748935823375,370.3478588228805,-24326.718108229095,17213.310741047007,3.4756557008436273,0.3204922575009566,11513.418743923274,51.57869762753936,54.239139662323446,0.09350778530396799
2024-04-21,Niño,18.342770833333333,18.0,200.83714285714285,249.57142857142858,173376.7142857143,191.40552399822514,205.96342678283506,905.8071428571428,2.700455729166667,1228800.0,0,-9.43161885891772,173376.7142857143,645.8666666666667,19376.0,33.6,1512.0,20390.3,29.907876970188426,74.38025714285716,32.2151,106.59535714285714,0.09623824151281421,10.258559156296288,0.1153000000000004,0.07819999999999938,0.193500000000002,326.0,600.0,0.2337142857142857,6.432857142857143,183.11714285714285,4927.0,7445.285714285715,1176.7132056096996,1129.6446773853115,29.907876970188426,32.50603450959219,1493.4688073446953,40.0,101.11599120152138,78.07351609453869,145.7017186004952,368.92079771251326,-29642.048603869964,11420.663151334336,3.051409292036126,0.3271660479166266,12178.794385792224,50.78368851140743,58.840253291188105,-0.0912115261636655
2024-04-28,Niño,18.342770833333333,18.0,218.45857142857145,253.28571428571428,176864.42857142858,194.34732659464876,215.34575604842234,910.0442857142856,2.700455729166667,1228800.0,0,-24.111244833922655,176864.42857142858,645.8666666666667,19376.0,33.6,1512.0,20390.3,29.79523026390309,74.57322857142857,32.28971428571428,106.86294285714287,0.09527323657521096,10.181102013439144,0.19100000000000006,0.07310000000000061,0.26409999999999934,326.0,600.0,0.21771428571428572,-0.8885714285714287,177.18714285714285,5033.0,7272.428571428572,1181.1716656080405,1133.9247989837188,29.79523026390309,32.391134869181165,1453.952551447564,40.0,100.3367863911164,79.62381879182074,159.8721370038268,396.917466808513,-12579.966162321894,11872.842260184387,3.4401127524209985,0.32704685969612196,11943.4957057047,56.356170569335085,46.97429782683304,0.014852403063582317
2024-05-05,Niño,6.968311827956989,18.0,218.6142857142857,255.28571428571428,179128.0,194.7573399770897,221.0,919.7271428571429,2.700455729166667,1228800.0,0,-23.856945737195986,179128.0,602.5978494623656,18077.93548387097,40.406451612903226,1818.2903225806451,15842.251612903226,41.51439978550605,74.75082857142857,32.341,107.09182857142858,0.09472861803275696,10.144644870582,0.21530000000000016,0.05320000000000036,0.2685000000000005,329.57142857142856,597.8571428571429,0.20199999999999999,-7.91857142857143,189.03714285714287,4096.0,10221.42857142857,1301.738897608009,1249.6693417036888,41.51439978550605,44.34468778121618,1485.4814975188606,40.0,101.76076844640936,76.20939906733994,160.66552585062064,398.8353554860103,-12439.465406987609,13443.160107094203,3.426549232008679,0.32613804878960995,11123.909965179802,50.25328977508898,55.74402805176754,0.0918545535884006
2024-05-12,Neutral,2.4185282258064515,18.0,232.54142857142855,269.85714285714283,190853.7142857143,207.1485104368278,227.8117680198481,921.3471428571429,2.700455729166667,1228800.0,0,-25.39291813460078,190853.7142857143,585.2903225806451,17558.709677419356,43.12903225806451,1940.8064516129032,14023.032258064515,45.375529368724266,75.01452857142856,32.4168,107.43132857142858,0.09439393199604476,10.140844870582002,0.23999999999999955,0.07419999999999982,0.3141999999999998,331.0,597.0,0.1985714285714286,-6.538571428571429,200.67285714285714,13851.0,25046.571428571428,1339.4119430722242,1285.8354653493352,45.375529368724266,48.28303995609876,1472.7100886342935,40.0,101.47247838054145,75.95580779324625,166.2153918571714,425.2067309252642,-5383.01900461445,10769.451971301385,3.4474261765518945,0.32071784459754854,11073.034662213895,46.97150586799993,58.31713161710727,-0.009904922362705253
2024-05-19,Neutral,2.4185282258064515,18.0,241.99,285.85714285714283,203739.0,220.47009952778367,238.57142857142858,924.0757142857144,2.700455729166667,1228800.0,0,-21.51990047221633,203739.0,585.2903225806451,17558.709677419356,43.12903225806451,1940.8064516129032,14023.032258064515,44.65669541527916,75.49367142857143,32.497499999999995,107.99117142857142,0.09368480957689405,10.117016299153432,0.5747999999999994,0.08329999999999949,0.658099999999998,331.0,597.0,0.24571428571428572,15.52,226.2242857142857,12308.0,25851.571428571428,1336.7190539563162,1283.2502917980635,44.65669541527916,47.54982932358475,1487.0104381414844,40.0,101.25111260822567,74.85860250730674,178.41221056815718,448.37860653285946,-22829.319394959766,14426.354149711988,3.2789899287244517,0.31892584513673167,11485.613729469394,49.01790816088344,60.238905877859125,-0.009443307455142097
2024-05-26,Neutral,2.4185282258064515,18.0,255.58428571428573,295.2857142857143,211797.14285714287,222.57109573315327,244.24563272040012,951.6385714285715,2.700455729166667,1228800.0,0,-33.013189981132435,211797.14285714287,585.2903225806451,17558.709677419356,43.12903225806451,1940.8064516129032,14023.032258064515,45.92618157755009,76.16011428571429,32.58322857142857,108.74334285714285,0.09254061602299854,10.062973442010573,0.7031000000000005,0.08669999999999976,0.7898000000000003,331.0,597.0,0.22042857142857142,3.6799999999999997,231.90857142857143,12067.0,25837.0,1388.617892227671,1333.0731765385642,45.92618157755009,48.84470520910109,1500.5572758920737,40.0,101.29371702438569,77.35679789951097,183.06085689248357,482.00568061318836,-19717.549585969573,13147.567420187812,3.745540088048186,0.31067915736314855,11248.758977917274,49.35552822291904,51.139019115870596,0.06606569442710514
2024-06-02,Neutral,3.897228494623656,18.0,252.31571428571428,299.57142857142856,216159.14285714287,225.52179258793922,253.42857142857142,958.49,2.7860398065476195,1275485.7142857143,0,-26.793921697775083,216159.14285714287,599.8645161290323,17995.93548387097,60.27311827956989,2712.290322580645,17790.384946236558,45.202351368431614,76.43814285714286,32.51345714285714,108.9516,0.09351094133550072,10.186659156296288,0.38839999999999986,0.08540000000000025,0.47380000000000067,343.0,604.7142857142857,0.2317142857142857,5.7,243.39285714285714,12672.0,25426.285714285714,1391.7340934672113,1336.0647297285227,45.202351368431614,48.10639839580026,1396.5281479790826,40.0,102.20374523503776,72.60641116165145,180.87791853039607,462.91263746791867,-23339.116927803665,12868.953856353195,3.593704674401582,0.32178903730995273,11923.748376953108,46.861658279925344,51.75736740740867,-0.07197044205079686
2024-06-09,Neutral,7.593979166666667,18.0,236.2,296.42857142857144,214675.57142857142,219.92899948482525,234.3890603032205,976.1271428571429,3.0,1392200.0,0,-16.27100051517473,214675.57142857142,636.3000000000001,19089.0,103.13333333333333,4641.0,27208.766666666666,45.10275316595106,76.88940000000001,32.76232857142857,109.65172857142856,0.09198589675849134,10.086387727724858,0.19600000000000017,0.09650000000000006,0.29249999999999976,373.0,624.0,0.2831428571428571,8.985714285714286,241.99714285714285,12046.0,22927.428571428572,1416.3834742669112,1359.7281352962348,45.10275316595106,48.0048082292701,1089.3692066574438,40.0,101.16732243007911,75.23599406355147,174.4262051097369,430.5465769120602,-19180.392765579174,9470.718419076466,3.405283170706699,0.31614840570443314,11035.287882626684,51.17625379579907,48.31754947915756,-0.11258805000884856
2024-06-16,Neutral,7.593979166666667,18.0,226.20000000000002,289.2857142857143,210261.14285714287,215.47422472957575,240.0,975.7971428571428,3.0,1392200.0,0,-10.725775270424252,210261.14285714287,636.3000000000001,19089.0,103.13333333333333,4641.0,27208.766666666666,45.12715947551011,77.13504285714285,32.85397142857143,109.98901428571428,0.09168700343225133,10.084544870582002,0.2654999999999994,0.08969999999999978,0.35519999999999863,373.0,624.0,0.27142857142857146,2.204285714285714,223.39000000000001,13506.0,22827.0,1416.153818329755,1359.5076655965647,45.12715947551011,48.02970266502031,1094.2795492729545,40.0,100.96118387156908,76.11924909016825,162.18160115063907,411.46679736017256,-26353.779880566224,11263.112702037834,3.3767780273469064,0.3186657370110596,11547.233105950478,55.840456339811716,47.54939140849922,-0.06168596147993701
2024-06-23,Neutral,7.593979166666667,18.0,215.46428571428572,284.7142857142857,207676.7142857143,213.19486182501876,240.0,974.1185714285714,3.0,1392200.0,0,-2.2694238892669523,207676.7142857143,636.3000000000001,19089.0,103.13333333333333,4641.0,27208.766666666666,45.1226266713435,77.24882857142858,32.93924285714285,110.18807142857142,0.09161688306789008,10.09508772772486,0.05310000000000059,0.08350000000000019,0.13660000000000183,373.0,624.0,0.2307142857142857,-5.191428571428572,206.4114285714286,13252.0,23489.0,1413.665818168855,1357.1191854421008,45.1226266713435,48.02507920477037,1113.73968420339,40.0,102.30392569732619,77.20141209637328,154.96195468064738,396.3770157135622,-19652.671166187032,14440.770518785384,3.4482725000443084,0.325551941190142,11633.73864996038,47.244462319491845,51.0703326327346,0.11069646239351812
2024-06-30,Neutral,7.593979166666667,18.0,202.3957142857143,276.57142857142856,202350.0,203.79916703468294,211.69476983281197,992.9814285714285,3.0,1392200.0,0,1.4034527489686468,202350.0,636.3000000000001,19089.0,103.13333333333333,4641.0,27208.766666666666,45.493139069984544,77.30421428571428,33.02531428571429,110.32952857142857,0.09150671087485748,10.095887727724858,0.05630000000000024,0.08709999999999996,0.1433999999999993,373.0,624.0,0.22685714285714287,-2.5285714285714285,195.6057142857143,12100.0,23943.714285714286,1444.7331070744124,1386.9437827914355,45.493139069984544,48.40300185138424,1089.5196254572252,40.0,101.49956847652075,72.04105719225625,147.06590918979,366.51694680387675,-17743.370392784196,10565.332270168668,3.7063658878703967,0.31398402942790654,11597.507623051979,51.85507122772022,58.27987058568308,-0.027481974752243177
2024-07-07,Neutral,0.17401209677419355,18.0,207.68571428571428,272.57142857142856,200468.2857142857,198.5219810186386,215.50103255407657,1009.8157142857143,3.0,1392200.0,0,-9.163733267075672,200468.2857142857,911.5806451612902,27347.419354838712,116.06451612903227,5222.903225806452,38308.06451612904,44.33080694497054,77.4093,33.094271428571425,110.50357142857142,0.09126762114811063,10.085387727724859,0.12459999999999916,0.06170000000000009,0.18630000000000013,380.0,640.0,0.2515714285714286,-0.6457142857142857,187.3114285714286,13343.0,25468.714285714286,1457.496973700632,1399.1970947526065,44.33080694497054,47.21742308386995,1132.613718518734,40.0,101.22371469730722,74.67664438447494,150.19015454155846,384.6495211189566,-10409.805714512378,9631.00407705465,3.4149631789985158,0.3255204087580134,11342.891319608349,50.41279199999774,41.07842547148419,0.05634143499778247
2024-07-14,Neutral,0.17401209677419355,18.0,200.40571428571428,272.2857142857143,201115.7142857143,198.15164249404629,205.44554229114215,1014.9814285714285,3.0,1392200.0,0,-2.254071791667976,201115.7142857143,911.5806451612902,27347.419354838712,116.06451612903227,5222.903225806452,38308.06451612904,45.32219259840341,77.50082857142857,33.161114285714284,110.66194285714286,0.09118893671531976,10.091144870582001,0.07830000000000048,0.06889999999999974,0.1471999999999989,380.0,640.0,0.26071428571428573,-2.654285714285714,189.5514285714286,12847.0,22594.85714285714,1475.0033276009776,1416.0031944969382,45.32219259840341,48.22863645037148,1098.2432984668342,40.0,101.59898668167111,73.17303563675141,142.7545827698373,373.85421447749053,-32281.23471079794,13035.33476210083,3.7443344411520285,0.31059636069117624,11161.726181594073,49.609811831309116,51.67533130645524,-0.032614345186111546
2024-07-21,Neutral,0.17401209677419355,18.0,197.68285714285713,272.14285714285717,202167.2857142857,201.95115531906663,206.92344892977113,1001.0742857142858,3.0,1392200.0,0,4.268298176209494,202167.2857142857,911.5806451612902,27347.419354838712,116.06451612903227,5222.903225806452,38308.06451612904,45.24939716196216,77.5847,33.24044285714286,110.82514285714285,0.09112441719169626,10.098873442010573,0.08609999999999962,0.08350000000000013,0.16959999999999953,380.0,640.0,0.25514285714285717,1.8457142857142856,186.72714285714287,14377.0,23017.571428571428,1454.0340315468115,1395.8726702849392,45.24939716196216,48.1543851052014,1067.3108570647491,40.0,101.90146090081188,77.25893650170147,145.2058767152565,365.15950987204815,-18770.733945153228,10928.071121360801,3.345010056823245,0.3199152774715924,11048.197558161171,53.64296660171783,49.482215715581205,0.03275692385151359
2024-07-28,Neutral,0.17401209677419355,18.0,196.6357142857143,272.7142857142857,203480.85714285713,202.05555778139777,200.85470250328927,1007.0614285714286,3.0,1392200.0,0,5.4198434956834864,203480.85714285713,911.5806451612902,27347.419354838712,116.06451612903227,5222.903225806452,38308.06451612904,44.89920998073035,77.67665714285714,33.32572857142857,111.00238571428572,0.09128317008800475,10.132659156296288,0.0943000000000005,0.0860000000000001,0.18030000000000168,380.0,640.0,0.23485714285714288,1.07,182.8557142857143,14135.0,24694.14285714286,1459.222616701427,1400.8537120333697,44.89920998073035,47.79719418034496,1110.3560742670893,40.0,102.07952902171728,76.69037001086282,144.47132878934315,365.3272540615835,-20615.118648491167,7328.786996169912,3.5227229368639987,0.3223632607931055,11441.00012104388,51.519495879424476,40.90751772346666,-0.05062105265610544
2024-08-04,Neutral,5.642076612903226,18.0,195.85999999999999,271.42857142857144,203353.42857142858,202.43006707733701,219.1585184204337,1004.5771428571428,3.0,1392200.0,0,6.570067077336988,203353.42857142858,678.8064516129032,20364.1935483871,52.96774193548387,2383.548387096774,24417.74193548387,37.07820484675547,77.81567142857143,33.407585714285716,111.22325714285714,0.0915163664327802,10.17875915629629,0.15690000000000026,0.08020000000000005,0.23709999999999987,374.2857142857143,644.0,0.26157142857142857,4.938571428571429,184.8042857142857,14481.0,27836.85714285714,1376.792981209795,1321.7212619614033,37.07820484675547,39.81976894369058,1123.8144016067095,40.0,102.08379170458191,78.37172503855913,139.75704694791486,361.4968219661483,-21878.164128898963,18877.621927461885,3.599576355292844,0.3088292078177446,11984.906030731658,43.90449847340632,59.99448472586497,-0.08117333007166115
2024-08-11,Neutral,9.743125000000001,18.0,198.7357142857143,270.0,203089.42857142858,201.18457025379692,216.22438179071517,1009.5,3.0,1392200.0,0,2.44885596808265,203089.42857142858,504.2258064516129,15126.774193548386,5.64516129032258,254.03225806451613,14000.0,28.906211263839605,77.97685714285714,33.500571428571426,111.47742857142858,0.09181255497097443,10.235044870582001,0.16289999999999916,0.0980999999999996,0.2609999999999988,370.0,647.0,0.3172857142857143,7.85,176.52714285714288,26201.0,44249.0,1301.3056385174293,1249.253412976732,28.906211263839605,31.4843354891164,1078.5767245300267,40.0,102.19739111861585,75.23647779778324,142.38262789402862,369.28338512888087,-24933.660810519144,13323.183010518622,3.640250469946434,0.32487142556354237,10984.604500266685,49.80531330636667,47.01010112371449,0.09610742113750075
2024-08-18,Neutral,9.743125000000001,18.0,195.1942857142857,270.2857142857143,204320.14285714287,203.00420896711304,205.10240185853658,1006.4857142857143,3.0,1392200.0,0,7.80992325282734,204320.14285714287,504.2258064516129,15126.774193548386,5.64516129032258,254.03225806451613,14000.0,29.95808083404678,78.1304,33.58152857142857,111.71192857142856,0.09171267737774359,10.245387727724859,0.14979999999999993,0.07410000000000005,0.2239,370.0,647.0,0.3112857142857143,-3.71,169.85714285714286,24076.0,45151.0,1308.0206184762635,1255.699793737213,29.95808083404678,32.55724245072772,1128.6803573894929,40.0,101.57131034291001,75.12831718302901,140.0100483095928,362.7576226537546,-9682.935681160636,6014.499755315441,3.3106110526939068,0.32815659632326993,11053.920230374633,50.09534735968667,53.845744757860714,-0.03533432257776642
2024-08-25,Neutral,9.743125000000001,18.0,188.90571428571428,270.85714285714283,205385.42857142858,202.8317263381671,206.68278344569163,1012.59,3.0,1392200.0,0,13.926012052452807,205385.42857142858,504.2258064516129,15126.774193548386,5.64516129032258,254.03225806451613,14000.0,31.231601902574944,78.24662857142857,33.65741428571429,111.90404285714284,0.09179542820795886,10.272287727724859,0.10280000000000022,0.07659999999999989,0.17940000000000023,370.0,647.0,0.341,-3.2214285714285715,166.67714285714285,24445.0,46219.42857142857,1328.834247750614,1275.6808778405896,31.231601902574944,33.856233940626446,1081.586268135747,40.0,101.48910361713865,77.61936796431185,135.75166970250206,343.69811882016694,-23246.299494339535,13214.946229179017,3.5813237053590075,0.3178671073185311,11460.8176960181,41.65004676464523,49.37361830456377,0.012359044791871538
2024-09-01,Neutral,9.884187500000001,18.0,191.29142857142855,266.42857142857144,203289.42857142858,199.918235305209,210.87904680003723,1016.8614285714285,3.0,1392200.0,0,8.626806733780423,203289.42857142858,534.1602150537634,16024.806451612903,7.338709677419354,330.241935483871,14966.666666666666,29.906693735191027,78.39328571428572,33.738371428571426,112.13165714285715,0.0920409432483651,10.32071629915343,0.16420000000000057,0.08270000000000047,0.24690000000000012,371.14285714285717,648.2857142857143,0.37285714285714283,-2.182857142857143,163.32714285714286,24427.0,45520.142857142855,1320.9688277493563,1268.130074639382,29.906693735191027,32.504827609894846,1103.1632633239437,40.0,101.81155905604605,75.52609533726276,137.04073103527486,360.1648557625014,-23134.035714175854,16909.347994888743,3.5218125532619315,0.3153028191014991,10877.197149524241,49.01064458401458,40.8288789880916,0.0854623904271944
2024-09-08,Neutral,10.7305625,18.0,203.18285714285713,262.0,200556.0,197.11607647977306,212.4919916934672,1017.4428571428572,3.0,1392200.0,0,-6.066780663084082,200556.0,713.7666666666667,21413.0,17.5,787.5,20766.666666666664,29.740754469137478,78.5137,33.819785714285715,112.33348571428571,0.09198626041539762,10.333130584867718,0.10290000000000044,0.08089999999999986,0.18380000000000019,378.0,656.0,0.42242857142857143,3.3085714285714287,170.02142857142857,23954.0,45875.42857142857,1320.044533052264,1267.2427517301733,29.740754469137478,32.33556955852022,1065.3101373157494,40.0,100.14061901263521,74.76538747265155,147.67936365436563,378.51913125087816,-14172.24909072675,6560.116938611728,3.2869326100285385,0.322560516338938,11379.1805847666,49.47065700424757,56.95262056058683,-0.01955001531019288
2024-09-15,Neutral,10.7305625,18.0,207.58714285714288,259.85714285714283,199773.57142857142,196.6821666152197,193.1288653325952,1015.71,3.0,1392200.0,0,-10.90497624192316,199773.57142857142,713.7666666666667,21413.0,17.5,787.5,20766.666666666664,29.91816049048872,78.65145714285714,33.90947142857143,112.56092857142858,0.09247112727440263,10.408673442010572,0.1516999999999986,0.09320000000000023,0.2448999999999999,378.0,656.0,0.43842857142857145,0.12142857142857137,178.74285714285716,24956.0,45054.0,1319.5730333752347,1266.7901120402255,29.91816049048872,32.5165237002985,1083.9312165503768,40.0,100.50752975042549,73.87967260493055,149.4518887360713,387.39745659221677,-21537.201571889735,8873.57419258483,3.436605599199075,0.3297899342645107,11392.881841694763,53.942127022273745,44.34861199121935,0.148367529261753
2024-09-22,Neutral,10.7305625,18.0,210.04142857142855,258.2857142857143,199378.57142857142,196.57187461786503,191.55785296155958,1014.2671428571429,3.0,1392200.0,0,-13.469553953563528,199378.57142857142,713.7666666666667,21413.0,17.5,787.5,20766.666666666664,29.840662045566546,78.77287142857143,33.9981,112.77097142857143,0.09292680111377663,10.479459156296286,0.10929999999999929,0.08679999999999981,0.19609999999999905,378.0,656.0,0.456,-2.424285714285715,179.26,24807.0,46636.0,1316.918352351778,1264.2416182577067,29.840662045566546,32.437475286477884,1106.2628152605207,40.0,101.18860739526365,76.30684329221141,154.50412901973064,391.75683660623,-14943.825395077727,17006.077751387187,3.565043291920167,0.3206724122357759,11203.935126549217,53.42987093562903,49.60190072308056,0.09423092450114703
2024-09-29,Neutral,10.7305625,18.0,213.84857142857143,249.14285714285714,192713.2857142857,189.5079441967661,187.53967605199568,1016.9285714285714,3.0,1392200.0,0,-24.340627231805367,192713.2857142857,713.7666666666667,21413.0,17.5,787.5,20766.666666666664,29.435735067328427,78.91052857142859,34.08618571428571,112.99671428571428,0.09431273144139223,10.657116299153431,0.14900000000000135,0.08859999999999926,0.23760000000000137,378.0,656.0,0.5132857142857142,3.6700000000000004,190.85142857142858,25427.0,45538.28571428572,1316.2753084587414,1263.6242961203916,29.435735067328427,32.02444976867499,1100.6290793273504,40.0,101.52256683165452,74.82984019494425,152.73334389242717,397.9587698651768,-26950.850997647205,12420.296986711506,3.6516999897967275,0.3216990710598116,11218.784174365648,48.17342287236157,54.36490398703724,0.12159519012178378
2024-10-06,Neutral,8.116243951612903,18.0,218.9557142857143,247.28571428571428,192031.85714285713,187.89569366265704,192.40435641333852,1022.0142857142857,3.0,1392200.0,0,-31.060020623057262,192031.85714285713,602.0956989247312,18062.870967741936,88.24193548387098,3970.887096774194,21462.344086021505,30.230005805420827,79.10881428571429,34.16792857142857,113.27674285714285,0.09493771916583514,10.754244870582001,0.21799999999999997,0.0790000000000004,0.29699999999999926,392.57142857142856,656.0,0.55,1.8857142857142857,192.43,28287.0,50725.57142857143,1330.9645244079697,1277.725943431651,30.230005805420827,32.834605921529246,1095.3713016852128,40.0,100.55109196343356,70.905035113099,156.47197910949808,413.2758329116568,-21045.845853799052,12341.758488534155,3.421350069995607,0.3186865465481374,11547.068078201803,47.92298342053021,53.91756083891802,-0.1340093760213339
2024-10-13,Niña,7.680524193548386,18.0,220.52857142857144,245.42857142857142,191438.42857142858,187.8419122876091,199.93439139797016,1019.1485714285715,3.0,1392200.0,0,-32.686659140962355,191438.42857142858,583.483870967742,17504.516129032258,100.03225806451613,4501.451612903226,21578.290322580644,29.411650164830984,79.2161,34.260285714285715,113.47638571428571,0.09515026829844117,10.797316299153431,0.06299999999999928,0.0977000000000005,0.16069999999999984,395.0,656.0,0.6571428571428571,-2.1757142857142857,190.9257142857143,53042.0,84797.42857142857,1318.903200857485,1266.1470728231855,29.411650164830984,31.99988316812761,1111.1775988727582,40.0,103.04953080821893,74.4511814217792,155.85699940123592,410.9618653392662,-17264.795103448298,12064.897438246475,3.4017297943516493,0.31809456617709847,11521.67331208523,45.11431530651027,52.50156149904154,0.0070106934702407414
2024-10-20,Niña,7.680524193548386,18.0,217.1185714285714,244.71428571428572,191659.2857142857,187.7930397042908,201.0519430110203,1020.5957142857143,3.0,1392200.0,0,-29.325531724280616,191659.2857142857,583.483870967742,17504.516129032258,100.03225806451613,4501.451612903226,21578.290322580644,29.579872236180897,79.2971,34.33905714285714,113.59358571428572,0.09526242765534408,10.821202013439144,0.0882000000000005,0.07119999999999936,0.09980000000000011,395.0,656.0,0.692,-1.18,191.82857142857142,52567.0,85595.42857142857,1322.4855806659198,1269.5861574392827,29.579872236180897,32.17146968090451,1111.333026621407,40.0,101.18119711073909,75.06860190703232,157.67391662270887,397.3145715323307,-24262.73989020771,8481.076258334597,3.3375842011228523,0.319205242605598,11391.51639284818,49.18186300933972,59.546892501258185,0.137829275924682
2024-10-27,Niña,7.680524193548386,18.0,210.78142857142856,239.0,187775.2857142857,183.58962967688262,205.17028575027683,1022.7928571428572,3.0,1392200.0,0,-27.19179889454594,187775.2857142857,583.483870967742,17504.516129032258,100.03225806451613,4501.451612903226,21578.290322580644,30.53963892628715,79.40401428571428,34.45818571428571,113.84574285714287,0.09537222988145777,10.857730584867715,0.11440000000000117,0.13830000000000048,0.31310000000000127,395.0,656.0,0.718,-0.9128571428571429,188.52285714285713,53350.0,85261.71428571429,1335.1553443367459,1281.749130563276,30.53963892628715,33.150431704812895,1115.9256932858896,40.0,101.5509572169379,77.35482846695767,151.0979201821943,382.65809764990655,-17528.42569986839,11301.70454173184,3.5298407308857125,0.31340566585504287,11819.605959537617,53.42389686600711,40.23927884795473,0.17242107162293893
2024-11-03,Niña,17.55105846774193,18.0,208.76142857142855,232.71428571428572,183431.85714285713,179.40325335021345,196.03793118968207,1022.4671428571429,3.0,1392200.0,0,-29.358175221215106,183431.85714285713,409.2193548387097,12276.58064516129,100.96129032258065,4543.258064516129,20330.451612903224,30.08989578375847,79.5232,34.6357,114.15912857142857,0.0954827188963752,10.900230584867716,0.12109999999999976,0.19319999999999987,0.31349999999999945,383.0,653.4285714285714,0.7244285714285714,0.10428571428571429,184.15,51610.0,86683.57142857143,1330.1282915488298,1276.9231598868766,30.08989578375847,32.69169369943364,1123.9205376549182,40.0,100.31050533806494,73.06465380572334,149.15581515719734,384.12361487502466,-19496.894670986378,15339.50064406837,3.6121960895504044,0.32021956315177225,11137.578881706131,51.2993824324566,67.00413296306334,0.06743414847350601
2024-11-10,Niña,30.71177083333333,18.0,210.1657142857143,230.28571428571428,180795.7142857143,176.0544988294806,184.28267209160146,1026.9185714285713,3.0,1392200.0,0,-34.11121545623368,180795.7142857143,176.86666666666667,5306.0,102.2,4599.0,18666.666666666664,30.032991447083873,79.68258571428571,34.77318571428572,114.45577142857142,0.09542496349774561,10.921930584867718,0.1746999999999983,0.11520000000000047,0.2898999999999998,367.0,650.0,0.6855714285714285,-1.4785714285714284,166.23857142857142,51941.0,84594.14285714286,1335.3391446494484,1281.9255788634705,30.032991447083873,32.63365127602555,1110.2010847530983,40.0,101.90255749402812,72.93621199712116,149.98121678319836,386.541864924036,-17296.93478215533,6329.658135106928,3.520186622663217,0.32101006094834983,11463.205113889479,46.684586015133384,53.829024959967384,-0.09241760815917512
2024-11-17,Niña,30.71177083333333,18.0,199.37142857142857,222.28571428571428,174963.14285714287,170.29663637396285,180.39782255746476,1027.3985714285714,3.0,1392200.0,0,-29.074792197465715,174963.14285714287,176.86666666666667,5306.0,102.2,4599.0,18666.666666666664,30.171523293532577,79.92049999999999,34.912957142857145,114.83352857142857,0.09574744530448553,10.99505915629629,0.2632000000000012,0.14959999999999996,0.41290000000000004,367.0,650.0,0.6518571428571429,-2.412857142857143,164.35285714285715,53704.0,84429.42857142857,1337.3749491598792,1283.8799511934837,30.171523293532577,32.774953759403225,1109.6157025712946,40.0,101.44685431280547,75.71429736229886,140.4076973906496,360.8672843363366,-14069.851447545849,11947.297585742466,3.447242545105803,0.33122189854876594,11486.599703182288,50.17280410964998,48.35096458762752,-0.02126820658278693
2024-11-24,Niña,30.71177083333333,18.0,200.52857142857144,223.28571428571428,177072.0,172.85702718234757,183.4897943192124,1024.3857142857144,3.0,1392200.0,0,-27.67154424622387,177072.0,176.86666666666667,5306.0,102.2,4599.0,18666.666666666664,29.767526795828807,80.14727142857143,35.06227142857143,115.20957142857142,0.09603692180166416,11.06438772772486,0.21219999999999928,0.1491999999999994,0.36129999999999995,367.0,650.0,0.6401428571428571,0.07285714285714286,160.61714285714285,53308.0,85152.71428571429,1329.3389178104183,1276.1653610980013,29.767526795828807,32.36287733174539,1090.9496417458606,40.0,101.8312215409071,76.71663704156109,141.97890202427004,376.1244878396122,-16377.010196278154,13614.087490069087,3.637612617728492,0.31562058299217594,12299.004075983432,52.54525703897953,54.074424179728545,0.05647320562471165
2024-12-01,Niña,27.377701612903223,18.0,196.72857142857143,222.85714285714286,176597.42857142858,172.16535997093806,185.109575435926,1025.75,3.0,1392200.0,0,-24.563211457633344,176597.42857142858,348.72903225806454,10461.870967741936,145.6,6552.0,20438.645161290322,30.216818460643186,80.35697142857143,35.22847142857143,115.58244285714285,0.09608827091540027,11.10611629915343,0.2087000000000021,0.17300000000000015,0.3775000000000013,367.85714285714283,649.2857142857143,0.6165714285714285,-0.3842857142857143,160.38285714285712,46020.0,75611.0,1335.6996925870012,1282.2717048835214,30.216818460643186,32.82115482985605,1089.9440686727685,40.0,101.76338586768445,77.27707299813257,141.46845465377243,361.2101675778667,-32009.346804979665,9849.52311470813,3.7505611537840164,0.32346968607153126,11167.362938796587,49.432027613251,54.333940462652265,-0.022491678195632088
2024-12-08,Niña,7.373286290322581,18.0,198.74285714285716,224.28571428571428,180421.0,175.7393598535554,186.28654930114243,1026.6471428571429,3.0,1392200.0,0,-23.003497289301738,180421.0,1379.9032258064517,41397.096774193546,406.0,18270.0,31070.51612903226,29.91353770341192,80.70131428571429,35.402542857142855,116.10272857142857,0.09604310136404937,11.150859156296288,0.3985999999999983,0.17450000000000043,0.577399999999999,373.0,645.0,0.6325714285714286,0.8700000000000001,158.91857142857143,15175.0,17493.0,1333.7556521870158,1280.4054260995351,29.91353770341192,32.511808457480164,1129.6559374996582,40.0,100.77779920233111,74.8334036626844,141.2186633046581,369.33804176584545,-31483.586101310404,15929.161113560986,3.2097281166111395,0.3217537680145245,11703.880125748738,47.7241776017205,49.69471649106298,-0.16397622681781435
2024-12-15,Niña,7.373286290322581,18.0,196.6142857142857,226.0,182752.85714285713,177.80491306372213,187.6548841551715,1027.8157142857142,3.0,1392200.0,0,-18.809372650563592,182752.85714285713,1379.9032258064517,41397.096774193546,406.0,18270.0,31070.51612903226,30.6591403683959,81.12170000000002,35.62797142857143,116.74969999999999,0.09603964225066555,11.212602013439144,0.4291000000000009,0.24579999999999969,0.6747999999999994,373.0,645.0,0.5211428571428571,-3.8214285714285707,152.71857142857144,16188.0,17728.0,1342.9140997810598,1289.1975357898175,30.6591403683959,33.272323175763816,1073.756471110431,40.0,101.35014632224416,75.6929848305602,140.5501321718745,352.62824122519305,-22455.229083323327,13582.57589742636,3.5451262167073785,0.31826355580605215,11273.930789690798,56.879817300876184,54.20177056944615,0.019841439401738735
2024-12-22,Niña,7.373286290322581,18.0,197.78571428571428,230.0,187067.85714285713,178.78378296436796,186.42285069776827,1046.35,3.0,1392200.0,0,-19.00193132134634,187067.85714285713,1379.9032258064517,41397.096774193546,406.0,18270.0,31070.51612903226,30.313406206999996,81.54894285714286,35.78341428571429,116.9425,0.09585200796981912,11.209173442010572,0.426499999999999,0.11929999999999996,0.0,373.0,645.0,0.46085714285714285,0.08142857142857148,158.4057142857143,16865.0,18106.428571428572,1363.5475662342662,1309.0056635848955,30.313406206999996,32.919674331139994,1112.2246057106834,40.0,101.61593963474225,75.50561452534144,142.75460169743386,367.8186509231218,-20616.200982941005,13089.045937179262,3.2452691498161093,0.31996653194795804,11630.591032776943,53.5018456871352,58.88907761042401,-0.015638268457330972
2024-12-29,Niña,7.373286290322581,18.0,199.57142857142858,228.71428571428572,188856.0,178.74176443666198,185.9563629621985,1056.5914285714287,3.0,1392200.0,0,-20.82966413476657,188856.0,1379.9032258064517,41397.096774193546,406.0,18270.0,31070.51612903226,29.942835695979017,81.6708,35.8175,116.9425,0.09577480274991557,11.200144870582003,0.0,0.0,0.0,373.0,645.0,0.3392857142857143,-9.342857142857143,149.09428571428572,14857.0,16932.0,1372.952407064667,1318.0343107820804,29.942835695979017,32.541692409898594,1094.6009568491565,40.0,101.3823368549796,74.63254615679601,142.7182674675408,366.46161313206875,-31559.94619606505,14131.58959166043,3.1108006637826793,0.320480480867581,11184.31504569042,52.40834132539264,59.22859523232482,-0.036715174145044764
2025-01-05,Niña,7.085430814940578,18.0,198.67857142857142,231.0,189142.14285714287,178.35023472433653,185.07181072585539,1060.51,3.0,1392200.0,0,-20.32833670423489,189142.14285714287,1686.1935483870966,50585.80645161291,350.8387096774194,15787.741935483871,50288.41935483871,30.908398258874428,81.6708,35.8175,116.9425,0.09577480274991557,11.200144870582003,0.0,0.0,0.0,387.2857142857143,643.5714285714286,0.2911428571428571,-1.4657142857142857,158.29,16688.0,18683.428571428572,1388.2977099734096,1332.7658015744732,30.908398258874428,33.52656622405191,864.0648145068457,36.42857142857143,101.14551961385574,72.58667524296062,142.29285022261558,359.5424209350685,-27326.6265750445,10627.059296632755,3.5053802448905182,0.32285370981137296,11498.60943287358,48.01132640101349,48.55354945634525,0.03743329296103061
2025-01-12,Niña,6.970288624787776,18.0,196.58571428571426,228.71428571428572,188538.57142857142,176.93558251604685,182.7192224257113,1065.5842857142857,3.0,1392200.0,0,-19.650131769667457,188538.57142857142,1808.7096774193546,54261.29032258065,328.7741935483871,14794.838709677419,57975.580645161295,30.789546112953662,82.38694285714287,36.04128571428571,118.27235714285713,0.09385078913040017,11.098930584867716,1.0026000000000002,0.3132999999999999,1.8618000000000006,393.0,643.0,0.24557142857142855,-0.6528571428571429,158.9842857142857,14557.0,19441.14285714286,1393.6843483047203,1337.9369743725315,30.789546112953662,33.40533703521273,792.6052123958741,35.0,101.33626114211118,75.13555492727706,140.1620180547441,362.58881659862936,-18986.71800587138,11627.653318564311,3.4845218156829025,0.32668388577527224,11686.591160969374,56.00984408127228,40.46068167903716,0.052006269751439245
2025-01-19,Niña,6.970288624787776,18.0,199.07142857142858,228.71428571428572,189399.2857142857,177.11692101947233,182.61304149252675,1069.3442857142857,3.0,1392200.0,0,-21.954507551956247,189399.2857142857,1808.7096774193546,54261.29032258065,328.7741935483871,14794.838709677419,57975.580645161295,31.51444066481484,82.91897142857144,36.2293,119.14837142857142,0.09305161964454435,11.086944870582002,0.3437999999999999,0.13790000000000013,0.48169999999999824,393.0,643.0,0.2522857142857143,1.8842857142857146,158.78714285714287,16464.0,18067.428571428572,1406.346339997465,1350.0924863975665,31.51444066481484,34.144729478111145,812.3931851354337,35.0,102.68470389005802,71.55466008287041,139.91739410815993,368.56258347721314,-14634.357468565593,13956.379331955059,3.7658265229249026,0.3158068113949951,11064.205721924254,50.0359437963619,50.85034126583269,-0.08260996080231744
2025-01-26,Niña,6.970288624787776,18.0,201.45714285714286,229.0,190696.7142857143,178.12934410812463,185.80354219584234,1070.56,3.0,1392200.0,0,-23.32779874901821,190696.7142857143,1808.7096774193546,54261.29032258065,328.7741935483871,14794.838709677419,57975.580645161295,31.724490210662214,83.22534285714286,36.33848571428571,119.55885714285714,0.09276020382189823,11.090273442010572,0.2914000000000003,0.0976999999999999,0.38200000000000145,393.0,643.0,0.23928571428571427,-3.3885714285714283,157.78285714285715,15579.0,19671.285714285714,1410.2076733209053,1353.799366388069,31.724490210662214,34.358980014875456,822.2162779449549,35.0,101.29123040278397,77.76197910904509,146.37111415602456,370.6215890628127,-20148.380204952264,12928.119961206872,3.4556585601745904,0.31214303799723775,11777.117311447513,43.46115157829248,54.804894921186744,-0.11535692214610023
2025-02-02,Niña,13.842161047780742,18.0,204.1142857142857,230.42857142857142,193357.85714285713,179.8889368107525,194.60565316252107,1074.8671428571429,3.0,1392200.0,0,-24.22534890353321,193357.85714285713,1768.8640552995391,53065.921658986175,377.1244239631336,16970.599078341013,64337.55760368664,32.06991695245816,83.4953857142857,36.423899999999996,119.91799999999999,0.09243931023619226,11.08511629915343,0.26149999999999896,0.08049999999999957,0.34999999999999964,408.14285714285717,642.4285714285714,0.26,5.648571428571429,169.00428571428571,14719.0,16217.57142857143,1419.56593077885,1362.783293547696,32.06991695245816,34.71131529150732,767.0127889774594,35.0,101.05722385227868,80.03024086666744,146.061564856547,376.40370151086154,-16034.303490639631,14232.507573137354,3.4603146331529033,0.3170418530910112,11723.88674443283,49.64047232937999,48.57634644078663,0.08139989618615096
2025-02-09,Niña,31.021842105263158,18.0,212.68571428571428,233.0,197418.0,182.6869177578415,200.7848366153071,1080.6342857142856,3.0,1392200.0,0,-29.99879652787276,197418.0,1669.25,50077.5,498.0,22410.0,80242.5,30.780785057388208,83.80131428571428,36.49968571428572,120.3012857142857,0.09007055696994135,10.835344870582002,0.32370000000000143,0.07390000000000052,0.3965999999999994,446.0,641.0,0.2622857142857143,9.317142857142857,185.71142857142857,3712.0,7611.285714285715,1413.2643110990155,1356.7337386550548,30.780785057388208,33.39640075853597,820.2512542452114,35.0,101.04879662080926,72.6799522021698,155.60307180975792,386.9068583943363,-22048.412513983545,20513.905337460565,3.072415354467499,0.31931803139911225,11960.150158871285,43.59220266731669,61.54796922390163,-0.028511609061388662
2025-02-16,Niña,31.021842105263158,18.0,215.67142857142858,237.57142857142858,201521.7142857143,186.16231810423614,205.60696695932026,1082.5014285714285,3.0,1392200.0,0,-29.50911046719244,201521.7142857143,1669.25,50077.5,498.0,22410.0,80242.5,32.38461086042556,84.12687142857143,36.599442857142854,120.72631428571428,0.08897382478248801,10.741459156296287,0.3262999999999989,0.11010000000000009,0.4364000000000008,446.0,641.0,0.23828571428571427,-0.6914285714285714,186.91,3984.0,7800.0,1433.062047250845,1375.739565360811,32.38461086042556,35.03230307763406,780.6907165271269,35.0,101.39338278569464,76.54316774864697,154.39724273373852,394.0773318457712,-11222.492437318257,11146.24961005682,3.755424239608512,0.3184861019515814,10986.737835291977,47.51149153662817,45.064290389804945,-0.058808420431364604
2025-02-23,Niña,31.021842105263158,18.0,217.71428571428572,239.71428571428572,204298.57142857142,188.42756022532654,210.14875915085705,1084.2885714285715,3.0,1392200.0,0,-29.28672548895917,204298.57142857142,1669.25,50077.5,498.0,22410.0,80242.5,32.93734503232035,84.54795714285716,36.7059,121.25457142857142,0.08893470376307364,10.783744870582002,0.45899999999999963,0.1050000000000002,0.5650000000000013,446.0,641.0,0.2307142857142857,-4.051428571428572,186.67857142857142,2523.0,9230.285714285714,1441.431564474092,1383.774301895128,32.93734503232035,35.59609193296676,796.70791655663,35.0,101.50215528772775,72.70110784668266,156.29737829568055,408.22911608095234,-20787.837781022765,15243.868103114763,3.464338347018644,0.3253760101596554,11183.316090117054,52.05656373027386,48.530034094087355,0.0950390403668446
2025-03-02,Niña,37.80457070094591,18.0,203.44285714285715,241.57142857142858,206865.14285714287,189.54751834947592,207.87139772410805,1091.3514285714286,3.0,1392200.0,0,-13.89533879338122,206865.14285714287,1504.450460829493,45133.513824884794,376.68202764976957,16950.69124423963,66842.52304147466,32.124260438938435,84.81767142857143,36.822900000000004,121.64171428571429,0.08873641560344316,10.794030584867716,0.19400000000000084,0.12179999999999946,0.31599999999999895,432.2857142857143,646.1428571428571,0.24242857142857144,1.5299999999999998,191.82285714285715,4249.0,9370.857142857143,1441.9633990713378,1384.2848631084842,32.124260438938435,34.7667456477172,788.1301434570203,35.0,101.49426388993652,74.3504358346397,147.39980351256744,377.884879652957,-34153.33934643886,18926.668438556975,3.2958792922714726,0.3105134650446783,11094.215896202764,48.25480902815179,60.242235127352714,0.091266524602406
2025-03-09,Niña,54.7613921901528,18.0,196.45714285714286,241.14285714285714,207074.85714285713,189.0225607416571,198.84893563124976,1095.5114285714285,3.0,1392200.0,0,-7.434582115485767,207074.85714285713,1092.4516129032259,32773.54838709677,73.38709677419355,3302.4193548387093,33342.58064516129,32.159665932873146,84.94381428571428,36.89498571428572,121.83985714285714,0.08845600980080852,10.777459156296288,0.0990000000000002,0.052200000000000024,0.1509999999999998,398.0,659.0,0.21928571428571428,-4.491428571428572,176.75285714285715,5391.0,6859.0,1447.8264539100153,1389.9133957536146,32.159665932873146,34.80285925153061,797.7446976502544,35.0,100.9374635469464,77.42257608683622,144.43058692119342,364.813680323212,-10286.085964137374,11976.600128736443,3.3428691912865784,0.32149404322865716,11769.700327528093,54.20964243071129,49.281848232105496,0.010982619902550181
2025-03-16,Niña,54.7613921901528,18.0,199.95714285714286,241.42857142857142,208030.57142857142,189.49752068942618,197.8115849384374,1097.8028571428572,3.0,1392200.0,0,-10.459622167716693,208030.57142857142,1092.4516129032259,32773.54838709677,73.38709677419355,3302.4193548387093,33342.58064516129,32.16690313236391,85.07209999999999,36.97304285714286,122.04578571428571,0.08808444580284454,10.750316299153429,0.14000000000000057,0.08840000000000003,0.2279,398.0,659.0,0.24499999999999997,6.5600000000000005,175.67714285714285,5156.0,7180.142857142857,1450.9243208463997,1392.8873480125437,32.16690313236391,34.81024119501119,790.4041751871691,35.0,101.77053933749825,69.66396079295474,143.7369953410218,368.29035704998813,-22425.097538546714,14463.145661011167,3.2173220938619487,0.3311370168772246,11882.577623238956,54.80781067937763,40.970087126857685,0.01026797697144419
2025-03-23,Niña,54.7613921901528,18.0,206.24285714285716,243.14285714285714,212095.57142857142,190.8723335348013,205.68383764825947,1111.192857142857,3.0,1392200.0,0,-15.370523608055858,212095.57142857142,1092.4516129032259,32773.54838709677,73.38709677419355,3302.4193548387093,33342.58064516129,32.27466576330873,85.26802857142856,37.06301428571429,122.33097142857142,0.0873352052457242,10.683744870582002,0.21829999999999927,0.09060000000000024,0.3080999999999996,398.0,659.0,0.23857142857142857,3.8542857142857136,178.10142857142858,4667.0,9854.42857142857,1469.8347639468955,1411.0413733890198,32.27466576330873,34.92015907857491,788.2106837174828,35.0,101.11807199079476,74.6107383534513,147.8003449028441,379.0824399766898,-20495.662260404355,10794.7129816793,3.6226122522449344,0.31726746821598606,11327.875845760462,45.311178070498876,53.93102472690606,-0.13401913253553918
2025-03-30,Niña,54.7613921901528,18.0,197.02857142857144,246.14285714285714,215591.0,193.31481022479832,204.31387129631906,1115.2257142857143,3.0,1392200.0,0,-3.7137612037731054,215591.0,1092.4516129032259,32773.54838709677,73.38709677419355,3302.4193548387093,33342.58064516129,33.630975483799375,85.43904285714287,37.14604285714286,122.419,0.08692431507956166,10.641187727724859,0.1521000000000008,0.08000000000000007,0.0,398.0,659.0,0.2052857142857143,-10.795714285714284,173.62142857142857,3128.0,7218.428571428572,1490.2988760959322,1430.6869210520947,33.630975483799375,36.30359499347536,774.1125305570043,35.0,99.4588397770951,73.08424262424207,139.3557147512047,366.39308223757143,-19835.554424829057,10790.064238944333,3.5646952676774895,0.3263373839330845,10579.284507905311,51.11946505985368,55.66319208572439,0.04791823728390401
2025-04-06,Niña,19.012634974533107,18.0,196.3857142857143,248.14285714285714,218861.14285714287,194.94670483141286,203.46223000626358,1122.672857142857,3.0,1392200.0,0,-1.4390094543014496,218861.14285714287,1174.6645161290323,35239.93548387097,34.08387096774194,1533.774193548387,36618.22580645161,32.40541058415134,85.5545,37.22397142857143,122.71257142857142,0.08628012455140135,10.587587727724861,0.10079999999999956,0.07710000000000017,0.41100000000000136,398.85714285714283,693.2857142857143,0.23557142857142857,3.0528571428571425,173.38285714285715,4685.0,7271.714285714285,1486.4896395036706,1427.0300539235238,32.40541058415134,35.053518795834364,837.0838707151753,35.0,100.87760024880102,74.84850349106657,142.25802070515059,362.32348902979703,-13177.94741510264,15993.443231225581,3.6861080130985906,0.3222870141936801,11572.444446666534,46.7278262174972,48.577618433328745,-0.15712191212527093
2025-04-13,Neutral,13.054508771929823,18.0,200.71428571428572,249.71428571428572,221187.2857142857,195.67124724983805,207.00664345537345,1130.4014285714286,3.0,1392200.0,0,-5.043038464447656,221187.2857142857,1188.3666666666668,35651.0,27.53333333333333,1239.0,37164.16666666667,32.11920207367262,85.81572857142858,37.32164285714286,122.83,0.08588724729192963,10.549530584867716,0.32540000000000013,0.10589999999999966,0.0,399.0,699.0,0.22614285714285715,2.82,173.8385714285714,3775.0,7451.0,1493.4795206351748,1433.7403398097679,32.11920207367262,34.76158611514607,820.8560683582925,35.0,101.78362796516032,74.98515146107856,145.18400737400836,367.98121248505447,-14742.285031921056,7318.306388926308,3.2993438875261383,0.31014677591027223,11338.325917666507,46.83716697902445,48.760217898594696,-0.11773119587475585
2025-04-20,Neutral,13.054508771929823,18.0,200.9857142857143,250.14285714285714,229785.7142857143,200.79161426253896,208.58226417382238,1144.2857142857142,3.0,1392200.0,0,-0.19410002317535405,229785.7142857143,1188.3666666666668,35651.0,27.53333333333333,1239.0,37164.16666666667,32.134431378610465,85.9652,37.400328571428574,122.83,0.0858061828707203,10.539573442010575,0.07909999999999862,0.06779999999999964,0.0,399.0,699.0,0.22342857142857145,1.667142857142857,175.4742857142857,2753.0,8496.857142857143,1511.9580466489008,1451.4797247829447,32.134431378610465,34.77712000618267,803.9749683972119,35.0,101.27315094302192,73.02896426062179,145.93147867535447,371.860346111342,-27408.24800141356,16926.47106662284,3.3367077470018702,0.31964209634279733,11620.812057440726,55.29669540615862,47.28955241402745,-0.0810944025900118
2025-04-27,Neutral,13.054508771929823,18.0,195.3385714285714,248.14285714285714,215570.85714285713,189.27930272636715,210.0,1139.642857142857,3.0,1392200.0,0,-6.059268702204264,215570.85714285713,1188.3666666666668,35651.0,27.53333333333333,1239.0,37164.16666666667,30.750568262182746,86.05865714285714,37.46048571428571,123.3505,0.08533394387079762,10.525887727724859,0.09919999999999973,0.05710000000000015,0.7286999999999999,399.0,699.0,0.23357142857142857,6.047142857142857,178.40285714285716,4072.0,10103.857142857143,1489.9491971755306,1430.3512292885093,30.750568262182746,33.365579627426406,799.4181949016158,35.0,101.1895620602179,71.14604255200952,139.9293530587196,372.05600014870225,-17862.05559560679,12233.484945341525,3.5016126490898682,0.3274555135524633,10874.083069624094,59.86205855303144,46.03935875670769,0.06759616007338547
2025-05-04,Neutral,8.766538200339559,18.0,190.4,241.0,223009.2857142857,192.01565001526802,204.85714285714286,1161.4285714285713,3.0,1392200.0,0,1.6156500152680369,223009.2857142857,1237.3,37119.0,31.929032258064517,1436.8064516129032,42659.5,31.648922939348182,86.15771428571429,37.525014285714285,123.67762857142858,0.08484882891817891,10.493887727724859,0.0990000000000002,0.0674999999999999,0.1664999999999992,405.85714285714283,720.1428571428571,0.2064285714285714,-5.901428571428572,167.67714285714285,4933.0,11896.57142857143,1529.007763308969,1467.8474527766102,31.648922939348182,34.281901398135155,826.101763573797,35.0,101.52066699140512,74.65890341238548,135.1176726288046,355.8874339579483,-22769.23974412403,8608.396101508364,3.4781045663264556,0.3235988087798139,11348.335637503433,44.11500105859488,53.77188838737829,0.1103915904153588
2025-05-11,Neutral,5.550560271646859,18.0,187.94285714285712,238.57142857142858,217224.7142857143,190.60713823339742,198.14285714285714,1139.5714285714287,3.0,1392200.0,0,2.6642810905402956,217224.7142857143,1274.0,38220.0,35.225806451612904,1585.1612903225805,46781.0,31.138402295543298,86.25964285714285,37.5998,123.85434285714287,0.08452969208820259,10.469359156296289,0.1031000000000013,0.0777000000000001,0.1808000000000014,411.0,736.0,0.20428571428571432,-4.1657142857142855,171.8942857142857,11428.0,25962.285714285714,1494.2638497534897,1434.49329576335,31.138402295543298,33.76117034145417,834.987023496904,35.0,101.07188363181369,76.95003840475238,139.2393198052769,345.26933678661464,-13964.42008589435,12829.267937222463,3.101522373516487,0.3133015287210373,11625.06393185411,48.480920378000256,57.53324228502988,-0.01717482759195666
2025-05-18,Neutral,5.550560271646859,18.0,189.8714285714286,234.71428571428572,211150.85714285713,187.3233555891179,195.85714285714286,1127.2142857142858,3.0,1392200.0,0,-2.548072982310653,211150.85714285713,1274.0,38220.0,35.225806451612904,1585.1612903225805,46781.0,31.75175760073588,86.35817142857142,37.70257142857143,124.05564285714286,0.08441192574331827,10.471773442010573,0.09669999999999845,0.11280000000000001,0.20949999999999847,411.0,736.0,0.213,-0.0285714285714286,173.8042857142857,11711.0,24757.14285714286,1485.1230807796844,1425.7181575484972,31.75175760073588,34.3867927527506,789.7474385485278,35.0,101.03235609389203,73.67612675984962,136.24008119121433,349.3714282186362,-15863.691143727874,19404.346784371166,3.3725309063692146,0.31694641349406555,11559.273196861139,50.651461857399106,44.09309618308278,-0.02334123934364158
2025-05-25,Neutral,5.550560271646859,18.0,199.25714285714284,234.0,210854.2857142857,186.77630110056592,199.57142857142858,1128.9285714285713,3.0,1392200.0,0,-12.480841756576934,210854.2857142857,1274.0,38220.0,35.225806451612904,1585.1612903225805,46781.0,31.562473619029998,86.46837142857143,37.788585714285716,124.25185714285713,0.08433922351011623,10.479302013439144,0.11560000000000059,0.07529999999999992,0.19090000000000096,411.0,736.0,0.22028571428571428,3.6242857142857146,177.23142857142855,13675.0,22941.0,1485.2209821252077,1425.8121428401994,31.562473619029998,34.19372309141061,800.9506334236556,35.0,101.67491245008804,77.13077374675659,144.2429138131983,370.7934704790965,-22609.73955854975,15473.121440230378,3.432775616316928,0.31090941334988004,12025.60317514528,48.43569558305326,54.05476191814652,-0.016255576801079332
2025-06-01,Neutral,5.140114318053198,18.0,196.15714285714284,232.42857142857142,215624.7142857143,185.37713397132674,200.0,1163.2857142857142,3.1571428571428575,1372257.142857143,0,-10.78000888581609,215624.7142857143,1322.4,39672.0,43.02688172043011,1936.2096774193546,46328.5,31.92876146879247,86.57547142857142,37.87045714285714,124.44082857142858,0.08396985057591615,10.44925915629629,0.1036999999999999,0.08450000000000024,0.18820000000000014,415.2857142857143,740.5714285714286,0.2312857142857143,5.951428571428571,187.03857142857143,14151.0,23131.714285714286,1534.8237573455951,1473.4308070517711,31.92876146879247,34.56733669816833,812.6714576789706,35.0,101.49005231100334,71.99292527146443,141.02546611357906,361.08080805917336,-19479.456924745307,12497.672713750504,3.308522508652136,0.3199253049316268,11997.800487246774,48.00896619059496,43.213028430297285,0.1121218469336925
2025-06-08,Neutral,2.6774385964912275,18.0,200.92857142857142,232.57142857142858,218288.0,185.56210796892827,200.0,1176.357142857143,4.1,1252600.0,0,-15.366463459643171,218288.0,1612.8,48384.0,89.83333333333334,4042.5,43613.5,31.570105560762972,86.71360000000001,37.95088571428572,124.65938571428572,0.08342504213949023,10.399687727724858,0.15189999999999948,0.07879999999999976,0.23070000000000057,441.0,768.0,0.2552857142857143,-0.37428571428571444,180.75285714285715,11750.0,26002.714285714286,1547.7396934359817,1485.8301056985424,31.570105560762972,34.201507671978234,813.4059036377388,35.0,101.99905965167882,76.03182286787735,144.34910572107887,370.5293698074247,-25629.94165860394,13568.974723285428,3.5678701154922696,0.320111516442398,11336.402884558696,50.75268659693297,44.734717425181714,-0.1057160432099838
2025-06-15,Neutral,2.6774385964912275,18.0,197.82857142857142,235.14285714285714,220507.2857142857,187.70247457130185,200.0,1174.7857142857142,4.1,1252600.0,0,-10.12609685726956,220507.2857142857,1612.8,48384.0,89.83333333333334,4042.5,43613.5,31.982424492953186,86.83442857142857,38.01661428571429,124.84594285714286,0.08295048377972998,10.35601629915343,0.10840000000000138,0.06050000000000022,0.16889999999999894,441.0,768.0,0.27671428571428575,3.5957142857142856,186.97142857142856,14292.0,25844.285714285714,1550.5127033543224,1488.4921952201494,31.982424492953186,34.622072982812256,784.8882369316473,35.0,100.94794470805834,75.8167937083188,142.5297865619487,374.7630024874721,-8651.805120919917,13582.35562996716,3.62324746350962,0.3217379803153055,12706.150900475566,52.284914659957835,53.25033913071818,0.16473162321313722
2025-06-22,Neutral,2.6774385964912275,18.0,207.03857142857143,236.14285714285714,217355.7142857143,188.54625750619942,200.0,1152.7857142857142,4.1,1252600.0,0,-18.492313922372006,217355.7142857143,1612.8,48384.0,89.83333333333334,4042.5,43613.5,31.98720521852005,86.92761428571428,38.08618571428571,125.0087,0.08262531022360574,10.328873442010574,0.08709999999999951,0.07319999999999993,0.16030000000000122,441.0,768.0,0.24585714285714286,-0.45000000000000007,183.22571428571428,13782.0,23639.714285714286,1521.4706853060666,1460.6118578938238,31.98720521852005,34.626949322890454,842.9467801063329,35.0,101.59326473972496,75.10306212551585,148.63202673779884,399.47468988473184,-22479.97135053906,10011.844686198932,3.241570035263085,0.3212573647741276,11938.82942021999,46.49200408224245,46.90855081571963,0.14331077702110534
2025-06-29,Neutral,2.6774385964912275,18.0,194.8385714285714,232.28571428571428,217862.57142857142,185.29385412796773,200.0,1175.7857142857142,4.1,1252600.0,0,-9.544717300603688,217862.57142857142,1612.8,48384.0,89.83333333333334,4042.5,43613.5,31.996913380558787,87.04428571428572,38.17388571428571,125.21307142857142,0.08200792891749767,10.268430584867717,0.12850000000000072,0.09350000000000014,0.22199999999999953,441.0,768.0,0.21642857142857141,-6.845714285714286,186.2057142857143,12532.0,23857.571428571428,1552.0263153764786,1489.9452627614194,31.996913380558787,34.636851648169966,805.5594217655462,35.0,101.69849546084995,71.55040051319611,138.20202896038447,360.23677321002,-18241.635027816064,15343.663611280577,3.5334209859499635,0.32765688052242664,11683.191995784871,46.929156939894334,50.64546632717747,-0.030229363154903488
2025-07-06,Neutral,4.990267119411431,18.0,200.17142857142858,232.85714285714286,226713.85714285713,187.0611905310106,200.0,1212.0,4.1,1252600.0,0,-13.110238040417991,226713.85714285713,1618.916129032258,48567.48387096774,22.70430107526882,1021.6935483870968,42652.24193548387,32.045430481955755,87.24764285714286,38.24695714285714,125.48949999999999,0.08134087912706452,10.207387727724859,0.23329999999999984,0.06489999999999974,0.2981999999999996,482.14285714285717,792.0,0.23371428571428574,-6.384285714285714,177.0471428571429,13698.0,24927.14285714286,1600.3585391207719,1536.344197555941,32.045430481955755,34.68633909159487,789.5160072684633,35.0,102.40139826134214,74.76116657044022,147.33927190367635,375.7720616521957,-17142.05755602409,14889.672539783744,3.503068787148586,0.32836868582582956,11300.352996996091,52.55007544097471,57.19743755281451,-0.07096857578659403
2025-07-13,Neutral,5.375738539898132,18.0,199.37142857142857,230.14285714285714,229348.2857142857,183.4684647405186,199.71428571428572,1250.0714285714287,4.1,1252600.0,0,-15.902963830909945,229348.2857142857,1619.9354838709676,48598.06451612904,11.516129032258066,518.2258064516129,42492.032258064515,30.776275792210235,87.37622857142857,38.335142857142856,125.70627142857143,0.08077805279397175,10.15428772772486,0.08669999999999867,0.09750000000000014,0.1841999999999988,489.0,796.0,0.2807142857142857,4.88,187.89000000000001,12549.0,22847.714285714286,1634.818314854387,1569.4255822602115,30.776275792210235,33.39180130805444,788.9286137113626,35.0,100.96697391217752,72.89918212701933,141.00570582342877,366.0721710051882,-18531.403839795104,12307.66617173883,3.460885197951762,0.30935942990825765,11831.954491508874,48.391231303556474,55.08305899066009,-0.0005831522447023214
2025-07-20,Neutral,5.375738539898132,18.0,198.7,231.57142857142858,233981.42857142858,184.65145851892163,200.0,1267.142857142857,4.1,1252600.0,0,-14.048541481078356,233981.42857142858,1619.9354838709676,48598.06451612904,11.516129032258066,518.2258064516129,42492.032258064515,31.920922822360975,87.54407142857143,38.3945,125.93347142857144,0.08024713153715322,10.105773442010573,0.20030000000000037,0.044099999999999806,0.24440000000000062,489.0,796.0,0.24642857142857144,-3.244285714285714,182.1942857142857,12364.0,24647.85714285714,1671.697177073564,1604.8292899906214,31.920922822360975,34.5593412788082,780.1648880256778,35.0,102.01879982410556,72.20067842872307,142.25843392632422,369.6073152193818,-24072.40665058356,12803.953589259092,3.2869263941509352,0.3137099352368092,10727.606458177064,48.16428390827428,47.43014734983018,-0.0028502787299465315
2025-07-27,Neutral,5.375738539898132,18.0,198.87142857142857,232.42857142857142,234114.85714285713,185.40418097974796,201.57142857142858,1262.7142857142858,4.1,1252600.0,0,-13.467247591680607,234114.85714285713,1619.9354838709676,48598.06451612904,11.516129032258066,518.2258064516129,42492.032258064515,31.80087445171367,87.71422857142856,38.46345714285714,126.17258571428572,0.0796467185880175,10.049202013439144,0.15810000000000102,0.07889999999999997,0.23700000000000188,489.0,796.0,0.2332857142857143,0.11285714285714286,183.1757142857143,11680.0,25471.571428571428,1664.2764966516138,1597.7054367855492,31.80087445171367,34.43689194074794,782.7198830047199,35.0,102.02137481571879,71.33505710669603,139.94177944666922,366.16818337098704,-27810.674787262247,10867.400440598814,3.219536660269018,0.3197723100393409,11669.875423225001,49.360935862494706,56.302164030581196,0.02099541540472784
2025-08-03,Neutral,7.780118845500849,18.0,192.42857142857142,233.85714285714286,248059.85714285713,186.5971268799313,202.0,1329.142857142857,4.1,1252600.0,0,-5.831444548640117,248059.85714285713,1581.4193548387098,47442.58064516129,28.451612903225808,1280.3225806451612,51826.967741935485,32.29202423267018,87.85868571428571,38.53321428571428,126.3868,0.07927838698991096,10.019730584867716,0.13899999999999935,0.06610000000000005,0.20509999999999806,498.0,796.8571428571429,0.25314285714285717,3.6942857142857144,184.43,13847.0,27578.14285714286,1758.3526549851401,1688.0185487857345,32.29202423267018,34.93786471732358,784.9645317660518,35.0,101.04521176938299,76.67135919505647,139.1782255226794,365.464590763422,-14812.582372114752,16081.013645565172,3.214246605263965,0.32125688958729726,11746.709561011861,50.67577768233859,56.427925790463405,-0.058334161053193716
2025-08-10,Neutral,10.985959252971139,18.0,188.74285714285716,234.28571428571428,255237.0,192.69220535310765,202.71428571428572,1324.5714285714287,4.1,1252600.0,0,3.9493482102504913,255237.0,1530.0645161290324,45901.93548387096,51.03225806451613,2296.451612903226,64273.54838709677,32.03000575333931,88.02204285714286,38.607885714285715,126.62482857142857,0.0788415628257505,9.983273442010573,0.1730999999999998,0.07810000000000006,0.25120000000000076,510.0,798.0,0.29157142857142854,1.9,169.13714285714286,23226.0,46833.0,1748.8885406762627,1678.932999049212,32.03000575333931,34.670605868406106,759.0572585943148,35.0,100.95923894348758,73.64843063333879,135.54012480374004,353.31966220007047,-13608.684502765003,11348.430052525606,3.2469687295947347,0.330953141194667,11301.662480274816,53.49143662617322,42.26761808605179,0.022787920190798356
2025-08-17,Neutral,10.985959252971139,18.0,186.35714285714286,234.71428571428572,250685.2857142857,193.0590124455601,203.0,1298.5,4.1,1252600.0,0,6.701869588417257,250685.2857142857,1530.0645161290324,45901.93548387096,51.03225806451613,2296.451612903226,64273.54838709677,31.262821461464803,88.1975,38.692057142857145,126.88445714285714,0.0783617203837405,9.942859156296288,0.176400000000001,0.08660000000000023,0.2630000000000017,510.0,798.0,0.30628571428571433,-2.8542857142857145,160.9257142857143,23794.0,44221.42857142857,1704.4668752906612,1636.2882002790345,31.262821461464803,33.8880778906941,782.2686139581255,35.0,100.5871977973543,74.86143548446731,133.57327058837456,336.5866157201498,-20938.338469299004,13137.996793995479,3.490029863790616,0.3206559216614616,11098.13128291722,46.23062959530553,47.80201002078212,0.009265915405440143
2025-08-24,Neutral,10.985959252971139,18.0,185.20000000000002,231.14285714285714,246970.7142857143,189.947883700298,201.71428571428572,1300.2142857142858,4.1,1252600.0,0,4.7478837002980265,246970.7142857143,1530.0645161290324,45901.93548387096,51.03225806451613,2296.451612903226,64273.54838709677,31.69231660797541,88.33525714285715,38.781085714285716,127.11124285714286,0.07787763708947548,9.899102013439144,0.12229999999999919,0.08999999999999986,0.21229999999999905,510.0,798.0,0.3428571428571429,-0.22571428571428573,161.06857142857143,25428.0,43834.0,1712.187913772191,1643.700397221303,31.69231660797541,34.32616294013492,825.7013528681476,35.0,101.91730500318089,78.12168787287324,132.07715965510855,339.0575706156116,-20333.76989481974,10583.048804864678,3.112580649784024,0.3199710755084243,11538.67469605803,52.01436205682064,47.84113473870661,0.0653406327559611
2025-08-31,Neutral,10.985959252971139,18.0,188.04285714285714,230.42857142857142,253273.42857142858,189.33303663496477,201.71428571428572,1337.7142857142858,4.1,1252600.0,0,1.290179492107622,253273.42857142858,1530.0645161290324,45901.93548387096,51.03225806451613,2296.451612903226,64273.54838709677,31.70748408175259,88.50512857142857,38.85587142857143,127.3559,0.07745163800066411,9.863902013439144,0.1889000000000003,0.06869999999999976,0.25760000000000005,510.0,798.0,0.3748571428571429,0.6085714285714285,160.95428571428573,25409.0,44987.142857142855,1761.9866602560905,1691.5071938458466,31.70748408175259,34.341633763387634,801.0867005736674,35.0,101.16113439284975,73.66985883964443,136.1375599338019,346.5525077800317,-24884.733925449724,12180.042578618597,3.41518201950601,0.30914102108622366,11812.156196659593,48.41906213012626,56.69528931272098,0.04747833589792413
2025-09-07,Neutral,18.537228070175438,18.0,185.82857142857142,228.85714285714286,253991.0,187.95992094508892,201.07142857142858,1351.2857142857142,4.1,1252600.0,0,2.1313495165175027,253991.0,1502.6666666666665,45080.0,38.266666666666666,1722.0,50549.566666666666,31.350496426342552,88.66845714285715,38.919500000000006,127.58285714285715,0.07711672949575608,9.83875915629629,0.15310000000000024,0.06160000000000032,0.21470000000000056,463.0,784.0,0.4025714285714286,0.17000000000000018,160.9042857142857,25586.0,45721.42857142857,1774.9597840301865,1703.9613926689788,31.350496426342552,33.977506354869405,798.8742227563763,35.0,101.63642505377902,76.97719862566001,130.7275636822217,353.695992413475,-16193.345418783865,9326.772752636949,3.604252978012473,0.31573175720736407,11237.99705439169,43.809032916816626,55.32953581139086,-0.03118726812366555
2025-09-14,Neutral,18.537228070175438,18.0,184.94285714285712,228.42857142857142,267369.5714285714,187.5861463968224,200.57142857142858,1425.2857142857142,4.1,1252600.0,0,2.6432892539652317,267369.5714285714,1502.6666666666665,45080.0,38.266666666666666,1722.0,50549.566666666666,32.1395726833505,88.8287,38.991242857142865,127.81484285714285,0.07681403487681925,9.817959156296288,0.16310000000000002,0.07580000000000009,0.23889999999999745,463.0,784.0,0.46900000000000003,9.14857142857143,161.79285714285714,25097.0,43954.42857142857,1883.3340970527483,1808.0007331706383,32.1395726833505,34.78236413701751,822.3273072182583,35.0,101.19272278772051,76.82368201090097,132.8668456157142,342.51804838797176,-22229.618156911554,8962.168314966246,3.4456305949281285,0.31337587632537084,12146.494344673103,51.03712942566176,47.32265671901268,-0.0062641012961402774
2025-09-21,Neutral,18.537228070175438,18.0,193.1142857142857,226.71428571428572,272389.0,186.0764797075984,198.64285714285714,1463.857142857143,4.1,1252600.0,0,-7.037806006687289,272389.0,1502.6666666666665,45080.0,38.266666666666666,1722.0,50549.566666666666,32.58869476096114,89.01215714285715,39.0809,128.08795714285714,0.07640664619062103,9.786744870582002,0.19159999999999933,0.09520000000000017,0.2867999999999995,463.0,784.0,0.48914285714285716,6.76,159.67142857142858,24788.0,46076.0,1940.9212398935067,1863.284390297766,32.58869476096114,35.24046865618037,794.8104265388728,35.0,100.68126619143709,72.06653444918274,139.61281564965913,351.6562382711133,-24934.768857928542,10090.254562633918,3.2178643626102246,0.3248491841244547,11931.299074680199,54.18677498461092,48.64023155499961,0.08424934347741493
2025-09-28,Neutral,18.537228070175438,18.0,190.92857142857142,224.0,245822.0,183.69437821514958,201.17040567084476,1338.0714285714287,4.1,1252600.0,0,-7.234193213421828,245822.0,1502.6666666666665,45080.0,38.266666666666666,1722.0,50549.566666666666,32.14818353642199,89.1739,39.140028571428566,128.30882857142856,0.07612867991418241,9.767973442010573,0.14980000000000082,0.04469999999999974,0.19450000000000145,463.0,784.0,0.5105714285714286,4.825714285714286,164.1042857142857,25322.0,46318.142857142855,1768.3335225419287,1697.6001816402513,32.14818353642199,34.79114720715044,756.4654756826276,35.0,100.97720091066603,74.81635511806482,137.65076687352231,357.22051964522956,-13619.657323610742,4749.285998408124,3.501736245921861,0.3122548222743185,11031.532602676281,49.28541578489041,52.18523927165817,0.07004908307970756
2025-10-05,Neutral,20.21935597057159,18.0,188.81428571428572,222.71428571428572,255579.85714285713,182.59684526582888,196.69316674566852,1399.7142857142858,4.1,1252600.0,0,-6.217440448456846,255579.85714285713,1408.6881720430108,42260.64516129032,46.417204301075266,2088.7741935483873,46316.92688172043,31.221709337665526,89.28741428571428,39.19808571428571,128.4804,0.07603085925424481,9.768473442010572,0.0990000000000002,0.06339999999999968,0.16240000000000165,447.2857142857143,766.1428571428571,0.5810000000000001,9.13142857142857,166.96285714285713,27647.0,52013.71428571428,1836.6189838131504,1763.1542244606244,31.221709337665526,33.84614352441884,792.1025176927199,35.0,100.79408888709956,77.1663136583666,133.86645061777156,344.04730221305556,-18881.83098400174,11741.264569482422,3.264739872989296,0.3170468661672534,11000.672113808743,47.65080456360841,53.0051590987082,0.024663969585330257
2025-10-12,Neutral,20.89220713073005,18.0,186.4857142857143,221.85714285714286,257306.2857142857,181.81483770623223,198.85714285714286,1415.2142857142858,4.1,1252600.0,0,-4.670876579482085,257306.2857142857,1371.0967741935483,41132.903225806454,49.67741935483871,2235.483870967742,44623.87096774194,32.22876707172024,89.41777142857143,39.258771428571436,128.67144285714286,0.07583754705382617,9.75811629915343,0.14289999999999914,0.05960000000000054,0.20250000000000057,441.0,759.0,0.7034285714285714,5.871428571428572,159.62714285714284,52737.0,84094.57142857143,1871.3239258881574,1796.4709688526311,32.22876707172024,34.873342413154646,779.3921449067927,35.0,101.90329841506863,73.64091321000794,135.69711441231607,339.06215718169415,-16434.77873715838,11284.965735677006,3.630425056853523,0.3218243362432652,11027.030183305093,48.50627716737488,44.28482343882136,-0.060177870473173654
2025-10-19,Neutral,20.89220713073005,18.0,184.21428571428572,218.0,246799.85714285713,176.86748138987693,195.0,1396.857142857143,4.1,1252600.0,0,-7.346804324408802,246799.85714285713,1371.0967741935483,41132.903225806454,49.67741935483871,2235.483870967742,44623.87096774194,31.376935360446073,89.49917142857143,39.31551428571429,128.8095857142857,0.07566588231028042,9.746487727724858,0.05680000000000085,0.055600000000000094,0.11240000000000094,441.0,759.0,0.7532857142857142,8.931428571428572,163.04000000000002,52164.0,83758.71428571429,1835.444812106926,1762.027019622649,31.376935360446073,34.004474067654996,812.9335615470698,35.0,100.7834872590805,75.36992085089976,134.61468683587137,349.1335904404447,-24903.790758796324,12521.771428057984,3.1302320852101855,0.3179281513945379,12335.002533321665,47.0013968951317,46.5132358835228,-0.017826987845888636
2025-10-26,Neutral,20.89220713073005,18.0,186.15714285714287,215.57142857142858,260608.42857142858,176.31412898210783,193.71428571428572,1478.0714285714287,4.1,1252600.0,0,-9.843013875035016,260608.42857142858,1371.0967741935483,41132.903225806454,49.67741935483871,2235.483870967742,44623.87096774194,31.408735833931527,89.56111428571428,39.38404285714285,128.94005714285714,0.07554034809794172,9.740173442010573,0.06399999999999828,0.07369999999999965,0.13769999999999527,441.0,759.0,0.756,5.112857142857143,153.56428571428572,52110.0,84263.14285714286,1942.3909752008672,1864.6953361928322,31.408735833931527,34.03691055061016,820.9374714426231,35.0,101.0496052700784,74.32633527195814,137.04519862630175,348.1647520623252,-18814.051356146072,11557.346408780932,3.5128809856023624,0.32012713390040387,11722.899657923675,45.02634072460307,49.498586179221135,0.02009855876383534
2025-11-02,Neutral,19.21009281267685,18.0,194.92857142857142,215.28571428571428,252782.42857142858,176.0514838411781,193.5,1435.857142857143,4.1,1252600.0,0,-18.877087587393333,252782.42857142858,1253.2881720430107,37598.64516129032,43.3505376344086,1950.7741935483873,42687.1935483871,31.93376409430516,89.64018571428572,39.428171428571424,129.06325714285714,0.07545107121250005,9.737959156296288,0.08510000000000062,0.03230000000000022,0.1174000000000035,438.14285714285717,753.2857142857143,0.7932857142857143,8.384285714285713,160.22,52590.0,84312.14285714286,1894.3497634748505,1818.5757729358563,31.93376409430516,34.57243937619127,802.0633601238216,35.0,101.69265911958624,75.49646097519026,138.45036384122446,353.95218573035174,-18960.804742083787,10669.79071601949,3.4870457058427635,0.3183845997331822,11724.152165219752,49.18055494711343,52.83702594834067,0.0376475729879524
2025-11-09,Neutral,15.00480701754386,18.0,198.5142857142857,215.14285714285714,251876.7142857143,175.9256730953483,193.0,1431.7142857142858,4.1,1252600.0,0,-22.58861261893741,251876.7142857143,958.7666666666667,28763.0,27.53333333333333,1239.0,37845.5,31.595773181774735,89.71014285714286,39.47347142857143,129.17851428571427,0.07528015290738532,9.724573442010575,0.06390000000000029,0.050499999999999545,0.11439999999999628,431.0,739.0,0.7618571428571429,8.27,155.7742857142857,52930.0,86086.57142857143,1884.0659934937416,1808.703353753992,31.595773181774735,34.22768864541023,829.9759969242797,35.0,101.15920221626286,74.47979566774997,141.81373806479863,380.6424882451648,-24333.85796051562,11044.918239037057,3.789396461421664,0.3146509539624662,11624.740554418227,51.24119722375689,49.474023865455415,0.109794598973425
2025-11-16,Neutral,15.00480701754386,18.0,195.55714285714288,215.0,246069.7142857143,175.80885513159436,195.0,1399.642857142857,4.1,1252600.0,0,-19.748287725548494,246069.7142857143,958.7666666666667,28763.0,27.53333333333333,1239.0,37845.5,32.74358832624716,89.75132857142857,39.513685714285714,129.2599142857143,0.0751635319480165,9.715630584867716,0.032099999999999795,0.03610000000000024,0.06820000000000093,431.0,739.0,0.7371428571428572,9.012857142857143,161.6114285714286,53172.0,83997.71428571429,1857.8984808157054,1783.582541583077,32.74358832624716,35.39846009277211,832.1668526468453,35.0,101.16610134405107,76.85366599462097,138.29668415983136,348.831245557542,-23194.219090595743,9797.154246762051,3.500754852288261,0.32854281575919153,12246.34196424757,40.08742091646119,51.817038312308235,-0.08865619601937091
2025-11-23,Neutral,15.00480701754386,18.0,196.57142857142858,211.85714285714286,243038.85714285713,173.06891083959863,195.0,1404.357142857143,4.1,1252600.0,0,-23.502517731829926,243038.85714285713,958.7666666666667,28763.0,27.53333333333333,1239.0,37845.5,30.352598635871544,89.77864285714286,39.55192857142857,129.32547142857143,0.07505263901078825,9.706216299153429,0.025399999999999423,0.03910000000000036,0.06449999999999889,431.0,739.0,0.6997142857142856,8.02142857142857,156.52857142857144,52668.0,85391.0,1830.593859782509,1757.3701053912087,30.352598635871544,32.95965060858898,818.2894756450431,35.0,102.1195561756135,73.80704053848358,141.5422856607169,371.61000941329013,-27283.24042007309,13967.492172565302,3.1872884257416065,0.3198602555938787,11801.18284322962,45.988011120887634,53.995096697190924,-0.002421471968670807
2025-11-30,Neutral,15.00480701754386,18.0,194.4857142857143,208.28571428571428,244632.2857142857,170.10066737749327,184.71428571428572,1438.2142857142858,4.1,1252600.0,0,-24.385046908221,244632.2857142857,958.7666666666667,28763.0,27.53333333333333,1239.0,37845.5,31.273867044724124,89.79732857142858,39.58438571428571,129.37661428571428,0.07497470894865814,9.699973442010574,0.016000000000000014,0.029799999999999827,0.04579999999999984,431.0,739.0,0.6792857142857144,9.5,159.78142857142856,52172.0,85223.85714285714,1888.0054636406235,1812.4852450949984,31.273867044724124,33.89934438561862,802.9767287003522,35.0,101.29945381542578,75.47648197231152,140.78575916855476,350.52756170368156,-13414.799088192061,8498.908275042539,3.224946651978686,0.33091908098336514,12259.456389531155,49.37818509262009,51.64697630789069,0.04004456407135782
2025-12-07,Neutral,5.879762308998302,18.0,196.91428571428574,208.71428571428572,244409.85714285713,170.3125664507235,184.28571428571428,1435.0714285714287,4.1,1252600.0,0,-26.601719263562217,244409.85714285713,2362.3870967741937,70871.6129032258,332.38709677419354,14957.419354838712,73850.0,32.604136621318766,89.80925714285715,39.610685714285715,129.41484285714287,0.074898913921747,9.693030584867715,0.010300000000000864,0.0248999999999997,0.03520000000000323,417.0,716.0,0.6281428571428572,6.058571428571429,153.46714285714285,46933.0,74508.71428571429,1902.945378609739,1826.8275634653496,32.604136621318766,35.256219353745145,814.5290826457019,35.0,101.23168677569386,74.02468515155928,140.31391788194762,363.12232743712855,-23919.753007800067,14564.225373470195,3.3572534501291216,0.3210840073775155,11706.491662673321,50.053706034359784,46.22184997845381,-0.017829171316182755
2025-12-14,Neutral,5.879762308998302,18.0,196.47142857142856,207.71428571428572,244782.14285714287,171.16565567774165,185.0,1430.0714285714287,4.1,1252600.0,0,-25.305772893686925,244782.14285714287,2362.3870967741937,70871.6129032258,332.38709677419354,14957.419354838712,73850.0,32.27278151997057,89.81748571428572,39.63015714285715,129.44254285714285,0.07484701485614177,9.688387727724859,0.007400000000000517,0.01729999999999965,0.024699999999999278,417.0,716.0,0.5509999999999999,-0.5928571428571429,155.75142857142856,15464.0,19210.14285714286,1891.5801653504802,1815.916958736461,32.27278151997057,34.918237150369976,798.3899812918446,35.0,101.87070501352284,70.60223933608003,141.764411752347,360.8644097785862,-27302.209038379602,9211.655535635482,3.3169905328454314,0.31798155426096425,11444.035361734032,48.18244613130345,46.64475389686227,-0.18761871293000515
2025-12-21,Neutral,5.879762308998302,18.0,187.57142857142858,208.28571428571428,250618.7142857143,174.06768436166723,185.0,1439.7857142857142,4.1,1252600.0,0,-13.50374420976135,250618.7142857143,2362.3870967741937,70871.6129032258,332.38709677419354,14957.419354838712,73850.0,31.401954901086118,89.79714285714286,39.60135714285714,129.39631428571428,0.07537694538290855,9.753473442010574,-0.04100000000000037,-0.06289999999999907,-0.09879999999999889,417.0,716.0,0.46885714285714286,-0.42428571428571427,154.41571428571427,16764.0,17843.428571428572,1891.9412797805144,1816.2636285892936,31.401954901086118,34.029993999107845,803.6453489168047,35.0,102.18339680476775,73.9361383687847,133.14704534080138,351.2283083582555,-12450.089550145576,13014.732191137988,3.5431440252828876,0.32392213776302314,11448.641004211162,48.96781457447448,45.58784216796023,0.12305686527261529
2025-12-28,Neutral,5.879762308998302,18.0,190.19285714285712,208.42857142857142,251286.7142857143,174.1675293543009,190.0,1442.7857142857142,4.1,1252600.0,0,-16.025327788556243,251286.7142857143,2362.3870967741937,70871.6129032258,332.38709677419354,14957.419354838712,73850.0,31.93954636670338,85.34857142857142,37.5028,122.85142857142856,0.08668514815054802,10.596144870582,-7.7539,-3.6238,-11.377600000000003,417.0,716.0,0.394,1.582857142857143,149.75428571428571,15537.0,19254.428571428572,1903.611875849446,1827.4674008154682,31.93954636670338,34.57833729403746,774.853229808896,35.0,101.48785573988273,74.560278091574,137.15635723544798,358.08039339849796,-18871.771333433502,15785.717422425703,3.478486042164525,0.3260958153188233,11694.188763425389,52.506794638051176,46.42607380784183,0.03172087116026872
2026-01-04,Neutral,1.679932088285229,18.0,188.1,209.5,253353.0,175.09001398409023,190.0,1447.0,4.1,1252600.0,0,-13.00998601590976,253353.0,674.9677419354839,20249.032258064515,94.96774193548387,4273.548387096775,21100.0,31.316884197250833,82.0247,35.9484,117.97319999999999,0.09487192744269039,11.192344870582001,0.0,0.0,0.0,417.0,716.0,0.31,-1.7,148.58,4578.0,19713.0,1900.1520143429914,1824.1459337692718,31.316884197250833,33.94322188119585,800.2249882060391,35.0,101.1827793013142,72.93172510997393,132.94851878441273,361.40238765300353,-11544.38353968012,13328.615843496198,3.288024011524157,0.3225563475573009,12049.955650953496,55.62938124600692,60.13059520470898,-0.15481533561931973
